team_id,team_name,playedAgainst,owp
1102,Air Force,"[1119, 1154, 1286, 1160, 1238, 1455, 1115, 1415, 1196, 1350, 1305, 1424, 1161, 1129, 1309, 1461, 1201, 1361, 1307, 1305, 1424, 1161, 1129, 1461, 1201, 1361, 1307, 1424]",0.5554557090853163
1103,Akron,"[1157, 1329, 1421, 1336, 1292, 1166, 1178, 1115, 1156, 1411, 1343, 1164, 1444, 1296, 1123, 1245, 1405, 1138, 1132, 1325, 1141, 1275, 1185, 1132, 1295, 1325, 1138, 1275, 1245, 1245, 1325, 1433]",0.5287843076164738
1104,Alabama,"[1355, 1333, 1437, 1149, 1249, 1153, 1173, 1433, 1403, 1273, 1408, 1324, 1281, 1397, 1280, 1401, 1246, 1397, 1116, 1435, 1120, 1261, 1208, 1376, 1280, 1261, 1120, 1196, 1279, 1208, 1397, 1196]",0.5489648028173909
1105,Alabama A&M,"[1235, 1240, 1191, 1398, 1273, 1435, 1283, 1116, 1280, 1212, 1238, 1290, 1115, 1106, 1108, 1380, 1411, 1341, 1290, 1115, 1106, 1108, 1380, 1411, 1341, 1212, 1238, 1212, 1380]",0.39038924043338186
1106,Alabama St,"[1292, 1196, 1416, 1366, 1407, 1152, 1178, 1407, 1191, 1210, 1337, 1410, 1238, 1212, 1115, 1290, 1105, 1380, 1108, 1341, 1411, 1115, 1290, 1105, 1380, 1108, 1341, 1411, 1238, 1212, 1238]",0.40896605338278885
1107,Albany NY,"[1182, 1326, 1449, 1282, 1259, 1354, 1447, 1373, 1383, 1159, 1354, 1346, 1298, 1135, 1420, 1436, 1127, 1263, 1306, 1216, 1131, 1436, 1392, 1127, 1420, 1263, 1216, 1131, 1193, 1306, 1392, 1263, 1392, 1436, 1181]",0.4560717595903518
1108,Alcorn St,"[1281, 1390, 1195, 1359, 1280, 1240, 1116, 1396, 1178, 1365, 1374, 1145, 1393, 1341, 1411, 1238, 1212, 1290, 1115, 1105, 1106, 1380, 1238, 1212, 1290, 1115, 1105, 1106, 1380, 1341, 1411, 1341]",0.4374144601649631
1110,American Univ,"[1278, 1346, 1291, 1362, 1194, 1386, 1384, 1224, 1420, 1162, 1214, 1207, 1242, 1271, 1165, 1159, 1250, 1221, 1298, 1119, 1137, 1248, 1159, 1250, 1221, 1298, 1119, 1137, 1248, 1119]",0.46195579325575614
1111,Appalachian St,"[1219, 1144, 1187, 1439, 1182, 1281, 1441, 1282, 1376, 1342, 1459, 1189, 1422, 1151, 1359, 1204, 1172, 1158, 1441, 1204, 1172, 1202, 1189, 1422, 1154, 1359, 1151, 1202, 1172]",0.41756789939114164
1112,Arizona,"[1149, 1431, 1253, 1319, 1403, 1379, 1155, 1196, 1331, 1190, 1274, 1361, 1160, 1428, 1332, 1333, 1113, 1417, 1425, 1449, 1450, 1390, 1143, 1160, 1428, 1449, 1450, 1425, 1417, 1113, 1160, 1417, 1125, 1217, 1326]",0.5916158060060014
1113,Arizona St,"[1146, 1197, 1165, 1116, 1166, 1115, 1170, 1216, 1169, 1177, 1171, 1403, 1164, 1428, 1160, 1333, 1332, 1112, 1425, 1417, 1450, 1449, 1143, 1390, 1428, 1160, 1450, 1449, 1417, 1425, 1112, 1390, 1417]",0.5239013929077804
1114,Ark Little Rock,"[1404, 1256, 1279, 1454, 1239, 1374, 1376, 1407, 1419, 1153, 1409, 1256, 1375, 1418, 1443, 1407, 1317, 1198, 1292, 1443, 1194, 1317, 1375, 1419, 1117, 1292, 1198, 1194, 1418, 1117, 1198]",0.49561093647515836
1115,Ark Pine Bluff,"[1223, 1218, 1271, 1361, 1450, 1113, 1332, 1277, 1102, 1103, 1431, 1141, 1290, 1106, 1105, 1380, 1108, 1411, 1341, 1212, 1238, 1106, 1105, 1380, 1108, 1411, 1341, 1212, 1238, 1290]",0.4185523928093559
1116,Arkansas,"[1358, 1255, 1197, 1113, 1458, 1393, 1328, 1276, 1108, 1352, 1105, 1322, 1175, 1401, 1435, 1120, 1279, 1280, 1376, 1104, 1397, 1196, 1435, 1120, 1281, 1208, 1196, 1261, 1246, 1281, 1401, 1435]",0.5427814334460889
1117,Arkansas St,"[1173, 1404, 1146, 1249, 1198, 1194, 1382, 1122, 1293, 1245, 1418, 1375, 1292, 1443, 1198, 1418, 1419, 1407, 1194, 1375, 1317, 1292, 1443, 1114, 1419, 1407, 1317, 1114, 1407, 1443]",0.4546637309668456
1119,Army,"[1102, 1440, 1127, 1383, 1463, 1136, 1265, 1336, 1312, 1263, 1401, 1223, 1162, 1171, 1137, 1248, 1298, 1159, 1110, 1221, 1250, 1137, 1248, 1298, 1159, 1110, 1221, 1250, 1110, 1137]",0.44665026062286906
1120,Auburn,"[1236, 1293, 1158, 1173, 1130, 1348, 1177, 1212, 1202, 1399, 1457, 1228, 1199, 1261, 1376, 1116, 1246, 1435, 1279, 1208, 1281, 1104, 1246, 1116, 1196, 1401, 1279, 1104, 1435, 1397, 1280, 1401]",0.515776881062771
1122,Austin Peay,"[1359, 1443, 1177, 1441, 1205, 1193, 1272, 1117, 1252, 1229, 1430, 1219, 1369, 1404, 1287, 1293, 1188, 1183, 1240, 1399, 1293, 1398, 1125, 1183, 1188, 1184, 1251, 1369, 1404]",0.4619472627980857
1123,Ball St,"[1212, 1459, 1232, 1231, 1156, 1139, 1377, 1377, 1345, 1237, 1313, 1185, 1245, 1103, 1141, 1138, 1275, 1405, 1132, 1325, 1444, 1296, 1185, 1369, 1141, 1405, 1444, 1296, 1138]",0.43753751860380086
1124,Baylor,"[1250, 1238, 1130, 1160, 1385, 1158, 1246, 1321, 1249, 1367, 1140, 1211, 1400, 1403, 1395, 1242, 1329, 1395, 1328, 1235, 1329, 1403, 1452, 1243, 1235, 1328, 1452, 1243, 1400, 1242, 1329]",0.5771974863768164
1125,Belmont,"[1252, 1390, 1318, 1331, 1433, 1252, 1292, 1242, 1355, 1131, 1416, 1240, 1399, 1369, 1404, 1184, 1398, 1287, 1184, 1287, 1399, 1293, 1122, 1398, 1183, 1325, 1188, 1240, 1398, 1293, 1112]",0.5656143748249568
1126,Bethune-Cookman,"[1382, 1408, 1309, 1245, 1303, 1434, 1316, 1197, 1391, 1416, 1338, 1464, 1261, 1198, 1299, 1300, 1354, 1366, 1175, 1271, 1197, 1299, 1300, 1224, 1354, 1366, 1313, 1214, 1164, 1164, 1313, 1288]",0.44412197991531177
1127,Binghamton,"[1259, 1135, 1298, 1119, 1389, 1335, 1291, 1284, 1136, 1276, 1159, 1165, 1216, 1107, 1392, 1131, 1436, 1263, 1306, 1420, 1107, 1216, 1131, 1392, 1263, 1306, 1436, 1420, 1392]",0.47516435503087334
1129,Boise St,"[1411, 1324, 1418, 1277, 1364, 1166, 1370, 1428, 1261, 1225, 1309, 1426, 1461, 1307, 1102, 1201, 1305, 1161, 1424, 1361, 1461, 1307, 1102, 1201, 1305, 1161, 1424, 1361, 1361, 1247]",0.55636127944518
1130,Boston College,"[1198, 1124, 1173, 1158, 1120, 1136, 1336, 1217, 1383, 1306, 1344, 1221, 1171, 1301, 1439, 1448, 1274, 1268, 1438, 1314, 1155, 1274, 1181, 1448, 1199, 1268, 1181, 1301, 1438, 1155, 1210, 1210, 1274]",0.5665463486421464
1131,Boston Univ,"[1318, 1145, 1203, 1353, 1206, 1157, 1389, 1157, 1217, 1346, 1165, 1125, 1224, 1263, 1216, 1436, 1127, 1392, 1306, 1107, 1420, 1216, 1263, 1127, 1436, 1306, 1107, 1420, 1392]",0.47342083920849604
1132,Bowling Green,"[1156, 1237, 1352, 1178, 1464, 1460, 1359, 1277, 1378, 1315, 1396, 1141, 1185, 1275, 1138, 1245, 1405, 1103, 1123, 1296, 1325, 1444, 1103, 1309, 1236, 1275, 1325, 1245, 1138, 1275]",0.47245507736508074
1133,Bradley,"[1183, 1410, 1237, 1378, 1404, 1141, 1276, 1203, 1204, 1290, 1439, 1339, 1179, 1356, 1455, 1232, 1320, 1356, 1283, 1191, 1455, 1229, 1166, 1191, 1320, 1229, 1232, 1179, 1227, 1166, 1283, 1179]",0.4712631656120745
1135,Brown,"[1127, 1148, 1263, 1136, 1383, 1357, 1306, 1323, 1321, 1344, 1107, 1348, 1310, 1463, 1463, 1171, 1217, 1343, 1335, 1162, 1165, 1217, 1171, 1165, 1162, 1335, 1343]",0.43103526979118595
1136,Bryant,"[1231, 1344, 1306, 1135, 1130, 1119, 1463, 1127, 1298, 1171, 1250, 1352, 1384, 1346, 1148, 1291, 1447, 1357, 1254, 1192, 1284, 1383, 1291, 1447, 1148, 1346, 1357, 1352, 1384, 1291]",0.4510248433366712
1137,Bucknell,"[1345, 1206, 1310, 1308, 1336, 1171, 1162, 1245, 1247, 1384, 1265, 1343, 1259, 1165, 1281, 1119, 1159, 1248, 1250, 1221, 1110, 1298, 1119, 1159, 1248, 1250, 1221, 1110, 1298, 1298, 1119, 1248, 1139]",0.48972339850370317
1138,Buffalo,"[1343, 1199, 1191, 1442, 1463, 1145, 1396, 1382, 1454, 1310, 1450, 1409, 1325, 1275, 1245, 1132, 1123, 1103, 1141, 1444, 1185, 1296, 1405, 1275, 1264, 1245, 1103, 1325, 1132, 1141, 1123, 1245]",0.49887882734470096
1139,Butler,"[1189, 1462, 1266, 1314, 1228, 1123, 1237, 1321, 1231, 1191, 1435, 1335, 1309, 1386, 1173, 1350, 1211, 1247, 1396, 1387, 1348, 1382, 1203, 1150, 1200, 1182, 1387, 1433, 1269, 1462, 1173, 1247, 1387, 1137, 1266]",0.5855328781325453
1140,BYU,"[1398, 1209, 1199, 1323, 1427, 1169, 1285, 1235, 1428, 1451, 1124, 1319, 1439, 1258, 1362, 1337, 1365, 1388, 1360, 1211, 1339, 1337, 1365, 1360, 1362, 1339, 1429, 1388, 1211, 1258, 1360]",0.5389606687799732
1141,C Michigan,"[1234, 1460, 1428, 1226, 1133, 1310, 1150, 1337, 1402, 1304, 1115, 1276, 1132, 1405, 1185, 1123, 1296, 1444, 1138, 1275, 1103, 1245, 1325, 1405, 1464, 1123, 1296, 1185, 1444, 1138]",0.4703566399441445
1142,Cal Poly SLO,"[1395, 1294, 1201, 1417, 1388, 1305, 1365, 1449, 1415, 1253, 1414, 1413, 1334, 1364, 1218, 1169, 1414, 1253, 1334, 1413, 1364, 1168, 1258, 1169, 1218, 1415, 1168, 1413, 1334]",0.46489337683544046
1143,California,"[1167, 1337, 1176, 1179, 1210, 1334, 1458, 1424, 1166, 1364, 1341, 1217, 1417, 1425, 1449, 1450, 1390, 1428, 1160, 1333, 1332, 1113, 1112, 1417, 1425, 1332, 1333, 1428, 1160, 1390, 1428, 1424, 1393]",0.5769544262646003
1144,Campbell,"[1322, 1111, 1235, 1153, 1299, 1319, 1352, 1211, 1370, 1423, 1187, 1205, 1255, 1342, 1440, 1457, 1347, 1157, 1251, 1421, 1219, 1149, 1251, 1440, 1347, 1366, 1255, 1219, 1342, 1205]",0.4451010197040809
1145,Canisius,"[1131, 1382, 1138, 1392, 1420, 1193, 1265, 1393, 1255, 1396, 1424, 1108, 1178, 1193, 1265, 1373, 1233, 1264, 1373, 1351, 1310, 1259, 1233, 1264, 1310, 1259, 1389, 1436, 1389, 1351, 1233]",0.5026842053493529
1146,Cent Arkansas,"[1113, 1117, 1170, 1183, 1404, 1369, 1329, 1280, 1311, 1368, 1372, 1322, 1358, 1394, 1270, 1249, 1368, 1311, 1372, 1322, 1394, 1358, 1331, 1188, 1249, 1270, 1331, 1358]",0.4260535338806334
1148,Central Conn,"[1193, 1389, 1135, 1247, 1420, 1216, 1306, 1231, 1318, 1389, 1393, 1384, 1352, 1357, 1136, 1447, 1291, 1346, 1383, 1284, 1192, 1254, 1447, 1291, 1136, 1357, 1346, 1384, 1352, 1447]",0.48288639298465036
1149,Charleston So,"[1150, 1112, 1190, 1104, 1158, 1154, 1190, 1455, 1347, 1457, 1255, 1421, 1219, 1342, 1251, 1205, 1157, 1144, 1457, 1421, 1342, 1440, 1351, 1205, 1157, 1457, 1440, 1251]",0.44229912795374143
1150,Charlotte,"[1149, 1204, 1249, 1402, 1331, 1318, 1187, 1172, 1141, 1274, 1244, 1347, 1199, 1421, 1247, 1348, 1200, 1350, 1462, 1203, 1269, 1396, 1433, 1139, 1387, 1396, 1173, 1382, 1182, 1386, 1350, 1387]",0.5299909220387168
1151,Chattanooga,"[1242, 1369, 1407, 1256, 1244, 1172, 1184, 1261, 1273, 1219, 1430, 1210, 1359, 1154, 1158, 1111, 1441, 1189, 1422, 1204, 1154, 1158, 1359, 1202, 1459, 1422, 1189, 1441, 1111, 1422]",0.45151670174913583
1152,Chicago St,"[1453, 1245, 1408, 1434, 1303, 1323, 1188, 1177, 1106, 1333, 1349, 1222, 1326, 1405, 1424, 1312, 1223, 1260, 1430, 1410, 1312, 1303, 1410, 1183, 1430, 1223, 1410, 1223]",0.4490252360295081
1153,Cincinnati,"[1404, 1290, 1299, 1144, 1235, 1332, 1104, 1114, 1271, 1267, 1462, 1460, 1307, 1338, 1385, 1323, 1353, 1177, 1266, 1393, 1353, 1371, 1344, 1338, 1437, 1207, 1163, 1323, 1163, 1257, 1378, 1344, 1207, 1166]",0.5848194626502945
1154,Citadel,"[1440, 1102, 1347, 1422, 1149, 1205, 1382, 1210, 1155, 1441, 1151, 1359, 1158, 1172, 1204, 1158, 1189, 1459, 1202, 1151, 1359, 1204, 1172, 1111, 1342, 1202, 1459, 1441]",0.4239498178458133
1155,Clemson,"[1342, 1202, 1211, 1431, 1265, 1345, 1376, 1112, 1197, 1157, 1354, 1154, 1199, 1181, 1438, 1448, 1301, 1199, 1439, 1210, 1130, 1438, 1301, 1210, 1274, 1268, 1314, 1439, 1130, 1274, 1199]",0.5151327439974113
1156,Cleveland St,"[1212, 1132, 1276, 1330, 1352, 1123, 1405, 1301, 1382, 1103, 1245, 1434, 1227, 1460, 1178, 1454, 1453, 1260, 1464, 1227, 1464, 1434, 1178, 1453, 1454, 1460, 1442, 1260, 1227]",0.5171533602285769
1157,Coastal Car,"[1103, 1279, 1399, 1198, 1131, 1131, 1155, 1158, 1255, 1342, 1251, 1205, 1440, 1421, 1144, 1457, 1347, 1149, 1219, 1342, 1205, 1421, 1441, 1457, 1149, 1251]",0.4579401751235306
1158,Col Charleston,"[1406, 1385, 1120, 1130, 1124, 1149, 1189, 1257, 1330, 1157, 1436, 1265, 1202, 1359, 1151, 1154, 1204, 1172, 1154, 1459, 1111, 1422, 1359, 1151, 1172, 1204, 1441, 1205, 1459, 1202, 1441, 1189, 1172]",0.4547949505828629
1159,Colgate,"[1228, 1266, 1265, 1189, 1164, 1384, 1393, 1165, 1346, 1107, 1344, 1383, 1127, 1306, 1162, 1171, 1110, 1137, 1250, 1119, 1298, 1248, 1221, 1312, 1110, 1137, 1250, 1119, 1298, 1248, 1221, 1250]",0.4678289900468852
1160,Colorado,"[1459, 1173, 1124, 1293, 1102, 1411, 1461, 1161, 1242, 1201, 1319, 1216, 1112, 1113, 1425, 1417, 1449, 1450, 1390, 1143, 1428, 1332, 1333, 1112, 1113, 1428, 1390, 1143, 1332, 1333, 1333, 1112, 1228]",0.5848970719398645
1161,Colorado St,"[1285, 1176, 1449, 1294, 1191, 1160, 1227, 1316, 1167, 1339, 1439, 1431, 1382, 1361, 1102, 1424, 1307, 1201, 1129, 1461, 1305, 1361, 1102, 1424, 1307, 1201, 1129, 1461, 1305, 1201, 1424, 1281, 1257]",0.5745958864396016
1162,Columbia,"[1202, 1265, 1437, 1362, 1254, 1137, 1110, 1189, 1264, 1159, 1119, 1221, 1165, 1165, 1335, 1343, 1171, 1217, 1135, 1463, 1343, 1335, 1463, 1135, 1217, 1171]",0.44012529165824493
1163,Connecticut,"[1277, 1436, 1448, 1346, 1307, 1392, 1306, 1301, 1217, 1271, 1200, 1449, 1266, 1177, 1323, 1257, 1338, 1353, 1344, 1378, 1385, 1371, 1393, 1437, 1153, 1177, 1207, 1153, 1378, 1344]",0.5708670797291596
1164,Coppin St,"[1425, 1400, 1194, 1159, 1259, 1231, 1386, 1267, 1420, 1447, 1406, 1234, 1113, 1103, 1224, 1366, 1354, 1313, 1214, 1300, 1299, 1313, 1214, 1288, 1175, 1271, 1224, 1288, 1271, 1126, 1126]",0.4536245117554099
1165,Cornell,"[1444, 1382, 1389, 1458, 1113, 1342, 1255, 1392, 1159, 1435, 1181, 1131, 1384, 1127, 1137, 1110, 1162, 1162, 1343, 1335, 1217, 1171, 1463, 1135, 1335, 1343, 1135, 1463, 1171, 1217]",0.44498155220766666
1166,Creighton,"[1317, 1412, 1342, 1255, 1458, 1113, 1129, 1386, 1304, 1103, 1143, 1409, 1191, 1229, 1232, 1179, 1283, 1320, 1455, 1179, 1356, 1283, 1133, 1232, 1229, 1320, 1191, 1356, 1388, 1133, 1455, 1179, 1232, 1455, 1153, 1181]",0.55709550973989
1167,CS Bakersfield,"[1426, 1143, 1170, 1258, 1461, 1427, 1168, 1355, 1339, 1161, 1316, 1290, 1258, 1299, 1361, 1424, 1168, 1303, 1365, 1430, 1461, 1427, 1410, 1355, 1370, 1430]",0.45853029543962853
1168,CS Fullerton,"[1390, 1305, 1381, 1453, 1186, 1449, 1167, 1226, 1411, 1364, 1218, 1169, 1167, 1415, 1414, 1253, 1413, 1334, 1169, 1218, 1415, 1253, 1414, 1142, 1394, 1334, 1413, 1364, 1142, 1253]",0.424885670820274
1169,CS Northridge,"[1337, 1186, 1360, 1373, 1409, 1297, 1140, 1417, 1113, 1428, 1218, 1415, 1168, 1253, 1414, 1413, 1334, 1364, 1142, 1168, 1415, 1414, 1253, 1334, 1413, 1381, 1142, 1364, 1218]",0.446557326526675
1170,CS Sacramento,"[1167, 1428, 1413, 1146, 1113, 1363, 1286, 1285, 1319, 1381, 1340, 1186, 1226, 1451, 1315, 1294, 1381, 1319, 1186, 1340, 1315, 1294, 1364, 1451, 1226, 1285, 1286]",0.40684978306306524
1171,Dartmouth,"[1263, 1306, 1236, 1137, 1255, 1189, 1221, 1436, 1113, 1136, 1130, 1159, 1119, 1217, 1217, 1135, 1463, 1162, 1165, 1343, 1335, 1463, 1135, 1335, 1343, 1165, 1162]",0.460240898176104
1172,Davidson,"[1307, 1454, 1435, 1452, 1211, 1151, 1150, 1459, 1423, 1180, 1350, 1181, 1422, 1202, 1204, 1154, 1158, 1441, 1111, 1359, 1459, 1441, 1111, 1158, 1154, 1202, 1285, 1189, 1204, 1204, 1111, 1158, 1266]",0.4943049011039985
1173,Dayton,"[1117, 1160, 1130, 1120, 1264, 1451, 1296, 1104, 1275, 1194, 1229, 1293, 1425, 1412, 1433, 1139, 1247, 1200, 1182, 1462, 1387, 1386, 1396, 1348, 1462, 1269, 1150, 1350, 1382, 1203, 1139]",0.5340681252994348
1174,Delaware,"[1247, 1335, 1438, 1243, 1338, 1396, 1248, 1181, 1347, 1175, 1437, 1335, 1351, 1330, 1220, 1209, 1406, 1318, 1241, 1180, 1456, 1423, 1406, 1206, 1330, 1318, 1241, 1180, 1423, 1220, 1206, 1220, 1241]",0.4871966946380437
1175,Delaware St,"[1447, 1229, 1321, 1192, 1298, 1184, 1271, 1174, 1336, 1338, 1268, 1267, 1116, 1271, 1224, 1126, 1197, 1300, 1299, 1313, 1214, 1164, 1288, 1313, 1214, 1224, 1288, 1354, 1224, 1214, 1299]",0.41766712819953233
1176,Denver,"[1233, 1394, 1143, 1161, 1379, 1390, 1273, 1303, 1461, 1381, 1256, 1426, 1402, 1427, 1225, 1370, 1363, 1429, 1308, 1427, 1402, 1370, 1225, 1429, 1363, 1320, 1308, 1426, 1256, 1402]",0.5059311329831815
1177,DePaul,"[1415, 1205, 1122, 1455, 1443, 1193, 1120, 1152, 1454, 1113, 1296, 1420, 1260, 1371, 1344, 1163, 1153, 1385, 1338, 1385, 1323, 1437, 1266, 1323, 1353, 1207, 1163, 1257, 1378, 1393, 1338, 1353]",0.5245881547913468
1178,Detroit,"[1385, 1179, 1274, 1132, 1338, 1405, 1106, 1103, 1393, 1108, 1145, 1454, 1453, 1464, 1156, 1434, 1227, 1460, 1260, 1460, 1464, 1454, 1453, 1156, 1434, 1455, 1260, 1396, 1227, 1460]",0.5457737182814387
1179,Drake,"[1178, 1143, 1349, 1462, 1305, 1388, 1236, 1235, 1300, 1183, 1133, 1455, 1283, 1166, 1229, 1191, 1320, 1166, 1283, 1356, 1232, 1229, 1191, 1455, 1320, 1133, 1453, 1232, 1356, 1133, 1166]",0.5471923863495882
1180,Drexel,"[1245, 1229, 1335, 1388, 1462, 1349, 1351, 1398, 1343, 1193, 1172, 1386, 1209, 1406, 1318, 1241, 1456, 1220, 1209, 1174, 1206, 1318, 1330, 1241, 1206, 1220, 1174, 1406, 1330, 1423, 1206]",0.48708715758444737
1181,Duke,"[1209, 1246, 1195, 1278, 1433, 1257, 1326, 1174, 1396, 1165, 1189, 1365, 1172, 1448, 1155, 1301, 1210, 1274, 1268, 1448, 1199, 1301, 1130, 1314, 1268, 1439, 1130, 1438, 1274, 1439, 1314, 1268, 1107, 1166, 1277, 1257]",0.6490753506922537
1182,Duquesne,"[1107, 1207, 1241, 1295, 1464, 1111, 1263, 1338, 1309, 1452, 1352, 1444, 1418, 1336, 1200, 1386, 1269, 1433, 1387, 1173, 1382, 1203, 1462, 1396, 1348, 1139, 1382, 1247, 1150, 1350]",0.5432527371714294
1183,E Illinois,"[1133, 1460, 1185, 1410, 1236, 1223, 1146, 1392, 1442, 1405, 1387, 1179, 1398, 1184, 1287, 1399, 1240, 1293, 1122, 1404, 1369, 1188, 1404, 1369, 1122, 1293, 1125, 1296, 1152, 1188, 1369]",0.4594482833681049
1184,E Kentucky,"[1244, 1406, 1347, 1313, 1175, 1441, 1300, 1151, 1228, 1299, 1219, 1452, 1183, 1188, 1293, 1287, 1125, 1240, 1398, 1125, 1404, 1369, 1287, 1399, 1240, 1122, 1434, 1399, 1398, 1369, 1293]",0.49880738405775715
1185,E Michigan,"[1240, 1183, 1236, 1410, 1393, 1345, 1227, 1276, 1324, 1246, 1269, 1123, 1132, 1141, 1275, 1444, 1296, 1245, 1138, 1405, 1103, 1123, 1325, 1283, 1296, 1444, 1141, 1405, 1296, 1275, 1444]",0.4716134245989551
1186,E Washington,"[1450, 1169, 1388, 1430, 1367, 1365, 1168, 1225, 1370, 1413, 1451, 1226, 1285, 1286, 1319, 1170, 1315, 1294, 1381, 1340, 1286, 1285, 1170, 1319, 1381, 1340, 1358, 1294, 1315, 1226, 1451]",0.4242314794325991
1187,East Carolina,"[1422, 1111, 1209, 1150, 1314, 1205, 1269, 1313, 1144, 1272, 1416, 1222, 1267, 1412, 1431, 1272, 1349, 1416, 1412, 1379, 1409, 1374, 1379, 1408, 1267, 1409]",0.5509332647427262
1188,Edwardsville,"[1281, 1442, 1356, 1410, 1152, 1296, 1442, 1387, 1287, 1184, 1240, 1399, 1122, 1293, 1369, 1404, 1183, 1369, 1404, 1293, 1122, 1398, 1146, 1125, 1183]",0.4620924282238684
1189,Elon,"[1139, 1159, 1194, 1376, 1440, 1204, 1158, 1171, 1269, 1181, 1162, 1343, 1111, 1441, 1202, 1459, 1151, 1154, 1422, 1359, 1459, 1202, 1111, 1441, 1359, 1151, 1172, 1422, 1422, 1158]",0.43174913162993606
1190,ETSU,"[1439, 1399, 1149, 1208, 1241, 1314, 1279, 1149, 1112, 1218, 1362, 1433, 1252, 1297, 1391, 1195, 1273, 1244, 1239, 1316, 1367, 1297, 1252, 1195, 1391, 1244, 1273, 1316, 1239, 1367, 1391]",0.4807654465891638
1191,Evansville,"[1323, 1138, 1463, 1442, 1399, 1105, 1161, 1275, 1293, 1106, 1139, 1166, 1283, 1356, 1320, 1455, 1179, 1232, 1133, 1229, 1320, 1283, 1133, 1179, 1356, 1166, 1229, 1460, 1455, 1232, 1232]",0.5350575728097111
1192,F Dickinson,"[1462, 1321, 1229, 1175, 1341, 1389, 1250, 1248, 1216, 1436, 1433, 1255, 1291, 1447, 1352, 1384, 1312, 1254, 1383, 1284, 1346, 1136, 1148, 1357, 1284, 1383, 1254, 1384, 1352, 1447, 1291]",0.46997617087389787
1193,Fairfield,"[1148, 1438, 1335, 1250, 1200, 1344, 1177, 1122, 1145, 1351, 1454, 1180, 1386, 1330, 1145, 1310, 1259, 1310, 1233, 1259, 1265, 1389, 1351, 1373, 1389, 1264, 1373, 1233, 1107, 1264, 1265, 1389, 1351, 1264]",0.452311548678884
1194,FL Atlantic,"[1314, 1280, 1164, 1189, 1110, 1375, 1117, 1391, 1173, 1391, 1231, 1407, 1419, 1220, 1418, 1292, 1443, 1407, 1317, 1114, 1117, 1419, 1292, 1198, 1375, 1443, 1418, 1317, 1114, 1198, 1407]",0.47029932310859046
1195,FL Gulf Coast,"[1433, 1274, 1181, 1108, 1405, 1385, 1359, 1259, 1235, 1198, 1263, 1244, 1273, 1239, 1316, 1367, 1190, 1252, 1297, 1391, 1316, 1239, 1190, 1367, 1297, 1252, 1391, 1273, 1244, 1316, 1391, 1273, 1207, 1361, 1196]",0.5000535140270421
1196,Florida,"[1106, 1458, 1292, 1366, 1416, 1266, 1199, 1112, 1368, 1243, 1102, 1463, 1208, 1261, 1401, 1281, 1208, 1280, 1376, 1279, 1116, 1280, 1246, 1120, 1281, 1116, 1397, 1104, 1435, 1246, 1261, 1104, 1279, 1322, 1278, 1195, 1276]",0.6015165677731045
1197,Florida A&M,"[1222, 1391, 1113, 1116, 1255, 1342, 1316, 1126, 1155, 1208, 1403, 1198, 1416, 1300, 1299, 1366, 1354, 1271, 1175, 1126, 1300, 1299, 1366, 1224, 1354, 1214, 1313, 1288, 1299]",0.4280427061534421
1198,Florida Intl,"[1130, 1372, 1157, 1117, 1375, 1391, 1195, 1257, 1411, 1443, 1292, 1197, 1418, 1126, 1117, 1114, 1317, 1407, 1418, 1375, 1292, 1419, 1194, 1317, 1407, 1443, 1114, 1419, 1194, 1114, 1292, 1443]",0.5126620523310934
1199,Florida St,"[1375, 1138, 1140, 1386, 1316, 1278, 1273, 1196, 1263, 1419, 1150, 1409, 1120, 1155, 1268, 1314, 1438, 1155, 1274, 1268, 1181, 1210, 1448, 1274, 1130, 1301, 1439, 1448, 1314, 1438, 1301, 1155, 1314]",0.5680856907002788
1200,Fordham,"[1402, 1338, 1352, 1335, 1193, 1264, 1217, 1250, 1385, 1343, 1163, 1373, 1210, 1284, 1279, 1182, 1269, 1150, 1173, 1348, 1386, 1433, 1387, 1247, 1462, 1139, 1203, 1350, 1386, 1396, 1382]",0.5503291082796327
1201,Fresno St,"[1400, 1415, 1334, 1142, 1253, 1356, 1253, 1450, 1160, 1414, 1417, 1361, 1307, 1461, 1305, 1129, 1161, 1102, 1424, 1361, 1307, 1461, 1305, 1129, 1161, 1102, 1424, 1161]",0.5816324647193125
1202,Furman,"[1162, 1155, 1273, 1441, 1260, 1342, 1120, 1448, 1239, 1374, 1158, 1172, 1459, 1189, 1422, 1459, 1204, 1154, 1422, 1189, 1111, 1151, 1359, 1172, 1204, 1154, 1158, 1359, 1111]",0.4150553500102807
1203,G Washington,"[1464, 1131, 1323, 1220, 1291, 1241, 1264, 1133, 1243, 1353, 1440, 1357, 1208, 1382, 1462, 1396, 1269, 1348, 1150, 1247, 1182, 1139, 1433, 1200, 1386, 1350, 1387, 1247, 1173, 1269]",0.5443609314191551
1204,Ga Southern,"[1434, 1150, 1244, 1268, 1189, 1359, 1439, 1133, 1290, 1316, 1209, 1412, 1299, 1459, 1172, 1158, 1154, 1111, 1441, 1202, 1151, 1111, 1441, 1154, 1158, 1459, 1202, 1422, 1172, 1459, 1172]",0.4418824136646806
1205,Gardner Webb,"[1314, 1252, 1177, 1234, 1224, 1122, 1228, 1459, 1399, 1154, 1187, 1144, 1421, 1219, 1157, 1347, 1457, 1440, 1149, 1255, 1342, 1251, 1421, 1157, 1457, 1158, 1149, 1342, 1144, 1251]",0.411680615762526
1206,George Mason,"[1438, 1137, 1273, 1307, 1346, 1131, 1348, 1268, 1420, 1320, 1350, 1378, 1318, 1456, 1330, 1423, 1241, 1220, 1406, 1318, 1180, 1241, 1330, 1174, 1180, 1209, 1220, 1456, 1406, 1174, 1180, 1318]",0.48922464996823056
1207,Georgetown,"[1182, 1251, 1417, 1231, 1291, 1397, 1400, 1406, 1255, 1441, 1110, 1266, 1338, 1385, 1344, 1378, 1323, 1257, 1371, 1385, 1353, 1266, 1153, 1177, 1393, 1163, 1353, 1437, 1393, 1153, 1393, 1195]",0.5898621210303309
1208,Georgia,"[1239, 1464, 1379, 1231, 1417, 1190, 1378, 1210, 1233, 1273, 1425, 1197, 1203, 1196, 1280, 1281, 1261, 1196, 1401, 1120, 1376, 1397, 1401, 1104, 1279, 1116, 1376, 1435, 1397, 1246, 1104, 1261]",0.554901049883309
1209,Georgia St,"[1181, 1140, 1284, 1398, 1375, 1187, 1256, 1251, 1407, 1379, 1348, 1204, 1180, 1241, 1220, 1174, 1456, 1330, 1406, 1423, 1180, 1318, 1330, 1423, 1406, 1220, 1206, 1456, 1241, 1318]",0.46535368468855826
1210,Georgia Tech,"[1408, 1342, 1349, 1143, 1388, 1228, 1208, 1423, 1106, 1154, 1200, 1151, 1274, 1301, 1439, 1181, 1314, 1448, 1155, 1438, 1199, 1439, 1155, 1448, 1314, 1438, 1268, 1301, 1274, 1130, 1130]",0.5140326834932294
1211,Gonzaga,"[1381, 1452, 1377, 1155, 1328, 1172, 1334, 1450, 1228, 1243, 1144, 1124, 1329, 1337, 1365, 1388, 1339, 1139, 1140, 1362, 1258, 1360, 1337, 1258, 1388, 1362, 1365, 1360, 1140, 1339, 1258, 1388, 1380, 1455]",0.5578999015341247
1214,Hampton,"[1456, 1350, 1325, 1459, 1423, 1347, 1224, 1352, 1110, 1297, 1457, 1367, 1241, 1224, 1346, 1288, 1164, 1313, 1354, 1288, 1164, 1366, 1175, 1313, 1271, 1389, 1175, 1197, 1126, 1300, 1175]",0.4117592167066942
1216,Hartford,"[1346, 1291, 1357, 1247, 1148, 1463, 1221, 1113, 1192, 1310, 1349, 1265, 1160, 1127, 1131, 1263, 1392, 1420, 1107, 1306, 1436, 1131, 1127, 1392, 1263, 1107, 1306, 1420, 1436, 1420]",0.4449123626617138
1217,Harvard,"[1269, 1264, 1386, 1436, 1200, 1130, 1163, 1131, 1221, 1143, 1388, 1349, 1171, 1272, 1171, 1463, 1135, 1165, 1162, 1335, 1343, 1135, 1463, 1343, 1335, 1162, 1165, 1307, 1112]",0.5043991582386312
1218,Hawaii,"[1271, 1115, 1223, 1228, 1315, 1424, 1337, 1274, 1190, 1279, 1169, 1168, 1415, 1414, 1253, 1334, 1413, 1142, 1364, 1415, 1168, 1253, 1414, 1413, 1334, 1319, 1364, 1142, 1169, 1414]",0.4621674396764367
1219,High Point,"[1422, 1111, 1456, 1232, 1444, 1448, 1444, 1184, 1151, 1122, 1457, 1347, 1205, 1251, 1149, 1440, 1421, 1255, 1342, 1144, 1157, 1255, 1251, 1440, 1288, 1347, 1144, 1251]",0.4056136292684839
1220,Hofstra,"[1284, 1345, 1355, 1267, 1264, 1203, 1374, 1447, 1254, 1460, 1408, 1194, 1209, 1174, 1456, 1318, 1206, 1180, 1423, 1241, 1456, 1318, 1423, 1209, 1406, 1180, 1206, 1330, 1174, 1406, 1174]",0.4723018266023037
1221,Holy Cross,"[1330, 1427, 1288, 1263, 1385, 1306, 1344, 1216, 1357, 1171, 1362, 1217, 1130, 1463, 1162, 1250, 1298, 1110, 1248, 1137, 1119, 1159, 1250, 1298, 1110, 1248, 1137, 1119, 1159, 1248]",0.4477274257194076
1222,Houston,"[1197, 1363, 1212, 1394, 1341, 1401, 1395, 1411, 1418, 1152, 1341, 1410, 1374, 1379, 1187, 1416, 1409, 1412, 1349, 1374, 1408, 1431, 1409, 1272, 1431, 1267, 1349, 1408, 1349, 1431]",0.4206655513580336
1223,Houston Bap,"[1115, 1271, 1218, 1337, 1183, 1349, 1358, 1426, 1332, 1261, 1119, 1401, 1410, 1430, 1431, 1152, 1282, 1312, 1282, 1309, 1410, 1430, 1309, 1312, 1152, 1430, 1312, 1152]",0.38056947563805377
1224,Howard,"[1234, 1455, 1205, 1441, 1338, 1214, 1110, 1456, 1251, 1333, 1353, 1416, 1131, 1164, 1214, 1313, 1299, 1300, 1175, 1366, 1354, 1271, 1288, 1197, 1126, 1164, 1271, 1175, 1175]",0.4227878441327571
1225,Idaho,"[1460, 1285, 1453, 1307, 1450, 1413, 1186, 1431, 1129, 1370, 1363, 1429, 1176, 1308, 1256, 1426, 1402, 1427, 1429, 1363, 1308, 1176, 1426, 1256, 1226, 1427, 1402, 1370, 1308]",0.5179930245970494
1226,Idaho St,"[1429, 1339, 1428, 1460, 1141, 1332, 1168, 1340, 1186, 1450, 1315, 1294, 1381, 1451, 1170, 1319, 1285, 1286, 1294, 1315, 1381, 1451, 1286, 1285, 1225, 1319, 1170, 1186, 1340]",0.4347365120016726
1227,IL Chicago,"[1415, 1307, 1273, 1233, 1369, 1296, 1321, 1161, 1185, 1442, 1275, 1405, 1464, 1156, 1434, 1453, 1260, 1178, 1454, 1460, 1453, 1156, 1434, 1464, 1260, 1454, 1133, 1460, 1178, 1156, 1453]",0.49423141222895534
1228,Illinois,"[1159, 1383, 1218, 1425, 1139, 1205, 1210, 1441, 1211, 1313, 1184, 1281, 1120, 1345, 1326, 1278, 1458, 1321, 1304, 1276, 1277, 1458, 1231, 1278, 1345, 1321, 1336, 1276, 1304, 1234, 1326, 1278, 1231, 1160, 1274]",0.6074174812170463
1229,Illinois St,"[1364, 1180, 1175, 1192, 1412, 1321, 1257, 1461, 1444, 1288, 1173, 1122, 1232, 1166, 1320, 1283, 1179, 1455, 1356, 1232, 1191, 1133, 1356, 1179, 1166, 1133, 1455, 1191, 1429, 1283, 1320, 1320, 1455]",0.5261479558050911
1231,Indiana,"[1136, 1295, 1358, 1208, 1207, 1123, 1314, 1164, 1148, 1139, 1291, 1194, 1239, 1234, 1336, 1278, 1458, 1321, 1336, 1277, 1345, 1276, 1228, 1326, 1304, 1345, 1277, 1278, 1234, 1326, 1276, 1228, 1458, 1241, 1396, 1393]",0.6065942288345245
1232,Indiana St,"[1417, 1457, 1123, 1219, 1307, 1287, 1237, 1279, 1361, 1274, 1229, 1320, 1166, 1133, 1356, 1283, 1191, 1229, 1320, 1455, 1179, 1166, 1356, 1283, 1133, 1455, 1233, 1179, 1191, 1191, 1166]",0.5655696287950556
1233,Iona,"[1176, 1346, 1448, 1227, 1310, 1389, 1353, 1208, 1251, 1247, 1313, 1386, 1382, 1373, 1264, 1265, 1145, 1193, 1351, 1389, 1259, 1310, 1145, 1265, 1351, 1264, 1193, 1232, 1259, 1373, 1145, 1310, 1264, 1326]",0.5180574238661656
1234,Iowa,"[1410, 1141, 1224, 1205, 1443, 1455, 1439, 1394, 1377, 1235, 1320, 1354, 1164, 1231, 1276, 1277, 1321, 1458, 1326, 1345, 1336, 1278, 1458, 1321, 1336, 1278, 1304, 1345, 1231, 1228, 1304, 1321, 1277]",0.5195515812669573
1235,Iowa St,"[1380, 1105, 1144, 1299, 1153, 1424, 1140, 1195, 1234, 1303, 1179, 1282, 1463, 1242, 1400, 1452, 1395, 1403, 1243, 1329, 1124, 1328, 1243, 1400, 1395, 1124, 1403, 1242, 1328, 1329, 1452, 1328, 1242, 1323, 1326]",0.5761082004177274
1236,IPFW,"[1120, 1410, 1185, 1183, 1171, 1298, 1275, 1434, 1179, 1323, 1244, 1237, 1442, 1298, 1303, 1295, 1355, 1377, 1282, 1442, 1237, 1303, 1355, 1295, 1282, 1377, 1324, 1132, 1324, 1324, 1355]",0.4198410010407529
1237,IUPUI,"[1430, 1276, 1132, 1133, 1317, 1249, 1282, 1377, 1139, 1443, 1232, 1434, 1123, 1236, 1324, 1268, 1442, 1303, 1295, 1355, 1324, 1236, 1442, 1303, 1355, 1295, 1454, 1377, 1282, 1355]",0.47225808523972057
1238,Jackson St,"[1124, 1409, 1403, 1102, 1317, 1388, 1450, 1449, 1370, 1106, 1105, 1108, 1380, 1411, 1341, 1212, 1290, 1115, 1108, 1380, 1411, 1341, 1212, 1290, 1115, 1106, 1105, 1106, 1341]",0.37989574787381747
1239,Jacksonville,"[1208, 1274, 1283, 1114, 1351, 1454, 1354, 1376, 1459, 1202, 1231, 1297, 1252, 1195, 1391, 1244, 1273, 1316, 1190, 1367, 1391, 1195, 1273, 1244, 1316, 1367, 1190, 1252, 1297, 1367]",0.4208820402053624
1240,Jacksonville St,"[1185, 1105, 1424, 1332, 1319, 1299, 1108, 1342, 1304, 1399, 1404, 1125, 1398, 1188, 1183, 1398, 1184, 1122, 1293, 1287, 1399, 1287, 1184, 1369, 1421, 1125]",0.4701805709327956
1241,James Madison,"[1417, 1182, 1464, 1295, 1275, 1203, 1457, 1190, 1350, 1422, 1363, 1360, 1330, 1209, 1214, 1423, 1180, 1206, 1406, 1174, 1330, 1423, 1220, 1206, 1456, 1180, 1406, 1174, 1318, 1209, 1456, 1456, 1174, 1318, 1254, 1231]",0.4601354491342095
1242,Kansas,"[1369, 1277, 1151, 1450, 1387, 1363, 1333, 1160, 1125, 1350, 1326, 1110, 1396, 1235, 1403, 1124, 1400, 1243, 1328, 1452, 1329, 1395, 1328, 1243, 1400, 1329, 1395, 1235, 1452, 1403, 1124, 1403, 1235, 1243, 1443, 1314, 1276]",0.5899296748253857
1243,Kansas St,"[1315, 1249, 1316, 1174, 1276, 1367, 1203, 1211, 1411, 1196, 1282, 1377, 1329, 1452, 1395, 1328, 1242, 1235, 1400, 1328, 1403, 1235, 1242, 1124, 1452, 1400, 1403, 1124, 1395, 1329, 1400, 1329, 1242, 1247]",0.5694979714327792
1244,Kennesaw,"[1397, 1354, 1184, 1347, 1406, 1204, 1151, 1404, 1150, 1323, 1236, 1338, 1195, 1391, 1273, 1239, 1316, 1367, 1190, 1252, 1297, 1273, 1316, 1239, 1190, 1367, 1297, 1252, 1391, 1195]",0.4489079337065852
1245,Kent,"[1180, 1396, 1152, 1434, 1126, 1304, 1464, 1343, 1137, 1462, 1384, 1117, 1156, 1405, 1123, 1138, 1103, 1132, 1325, 1296, 1185, 1444, 1141, 1275, 1325, 1260, 1138, 1275, 1132, 1103, 1138, 1103]",0.49758198112815233
1246,Kentucky,"[1268, 1181, 1248, 1287, 1254, 1323, 1124, 1359, 1339, 1252, 1267, 1257, 1185, 1435, 1401, 1397, 1120, 1104, 1261, 1279, 1401, 1376, 1120, 1196, 1397, 1435, 1281, 1280, 1116, 1208, 1196, 1435]",0.5519543290771178
1247,La Salle,"[1174, 1148, 1216, 1437, 1351, 1336, 1318, 1137, 1233, 1357, 1373, 1274, 1335, 1150, 1350, 1173, 1462, 1139, 1433, 1269, 1203, 1200, 1382, 1386, 1396, 1348, 1182, 1203, 1387, 1139, 1129, 1243, 1279, 1455]",0.5704249245744237
1248,Lafayette,"[1383, 1254, 1246, 1287, 1268, 1343, 1284, 1174, 1254, 1384, 1192, 1357, 1278, 1390, 1312, 1335, 1298, 1119, 1137, 1221, 1250, 1159, 1110, 1298, 1119, 1137, 1221, 1250, 1159, 1110, 1221, 1250, 1137]",0.49452253324421913
1249,Lamar,"[1243, 1317, 1150, 1438, 1237, 1117, 1104, 1345, 1418, 1124, 1410, 1254, 1372, 1322, 1368, 1358, 1394, 1270, 1331, 1146, 1322, 1372, 1394, 1358, 1270, 1311, 1402, 1146, 1331, 1311, 1368]",0.4549759894566849
1250,Lehigh,"[1124, 1352, 1338, 1193, 1335, 1357, 1346, 1192, 1200, 1384, 1317, 1136, 1433, 1221, 1110, 1159, 1137, 1248, 1298, 1119, 1221, 1110, 1159, 1137, 1248, 1298, 1119, 1159, 1248]",0.46244393017004354
1251,Liberty,"[1350, 1456, 1207, 1414, 1358, 1379, 1288, 1209, 1224, 1233, 1441, 1421, 1440, 1157, 1219, 1342, 1255, 1149, 1144, 1457, 1347, 1205, 1144, 1219, 1255, 1122, 1440, 1347, 1157, 1219, 1205, 1149, 1299]",0.4420361105909443
1252,Lipscomb,"[1125, 1205, 1279, 1293, 1399, 1125, 1404, 1246, 1122, 1272, 1316, 1239, 1190, 1367, 1297, 1195, 1391, 1244, 1273, 1367, 1190, 1297, 1391, 1195, 1273, 1244, 1239, 1316, 1273]",0.4802356075955096
1253,Long Beach St,"[1425, 1314, 1112, 1201, 1258, 1201, 1393, 1326, 1417, 1334, 1142, 1364, 1169, 1218, 1415, 1168, 1414, 1364, 1142, 1218, 1169, 1168, 1415, 1413, 1372, 1414, 1413, 1334, 1168, 1414]",0.5014114954139819
1254,Long Island,"[1287, 1248, 1268, 1246, 1162, 1248, 1220, 1349, 1264, 1389, 1371, 1249, 1357, 1346, 1447, 1291, 1192, 1284, 1383, 1136, 1384, 1352, 1148, 1383, 1284, 1192, 1291, 1447, 1357, 1346, 1346, 1447, 1291, 1241]",0.44105719652160147
1255,Longwood,"[1267, 1313, 1116, 1166, 1197, 1165, 1171, 1207, 1145, 1371, 1433, 1192, 1157, 1144, 1149, 1347, 1421, 1251, 1342, 1219, 1205, 1440, 1457, 1219, 1347, 1251, 1404, 1144, 1440, 1421, 1440]",0.42586173515333153
1256,Louisiana Tech,"[1401, 1114, 1407, 1369, 1151, 1419, 1368, 1209, 1322, 1379, 1270, 1114, 1176, 1308, 1426, 1402, 1427, 1225, 1370, 1363, 1429, 1426, 1427, 1402, 1370, 1225, 1429, 1363, 1308, 1176, 1427]",0.476957497859082
1257,Louisville,"[1264, 1359, 1275, 1320, 1281, 1181, 1229, 1158, 1282, 1272, 1198, 1443, 1246, 1344, 1371, 1378, 1163, 1393, 1437, 1207, 1338, 1266, 1353, 1323, 1385, 1378, 1371, 1177, 1393, 1153, 1323, 1437, 1323, 1393, 1299, 1161, 1332, 1181, 1455, 1276]",0.6276927974539303
1258,Loy Marymount,"[1374, 1167, 1331, 1402, 1253, 1340, 1319, 1279, 1387, 1288, 1167, 1140, 1388, 1365, 1339, 1360, 1362, 1337, 1211, 1360, 1339, 1211, 1337, 1388, 1362, 1142, 1365, 1140, 1339, 1362, 1365, 1211]",0.5293319051058681
1259,Loyola MD,"[1127, 1449, 1420, 1313, 1107, 1348, 1406, 1164, 1195, 1310, 1389, 1291, 1137, 1272, 1351, 1389, 1193, 1351, 1265, 1193, 1264, 1233, 1145, 1310, 1373, 1265, 1145, 1373, 1398, 1233, 1264, 1264]",0.49284536542995955
1260,Loyola-Chicago,"[1405, 1444, 1378, 1271, 1296, 1399, 1202, 1277, 1280, 1389, 1177, 1434, 1464, 1453, 1460, 1227, 1152, 1156, 1178, 1454, 1453, 1460, 1464, 1454, 1227, 1434, 1245, 1178, 1156, 1464]",0.44107394708007586
1261,LSU,"[1364, 1270, 1322, 1290, 1371, 1151, 1129, 1414, 1266, 1223, 1126, 1120, 1196, 1376, 1208, 1401, 1246, 1281, 1280, 1435, 1104, 1376, 1280, 1397, 1104, 1116, 1281, 1401, 1279, 1208, 1196]",0.5278433344085698
1263,Maine,"[1171, 1221, 1135, 1371, 1373, 1318, 1182, 1199, 1119, 1265, 1195, 1346, 1131, 1420, 1216, 1107, 1127, 1436, 1392, 1306, 1420, 1131, 1107, 1216, 1127, 1436, 1392, 1306, 1107]",0.46074737079731637
1264,Manhattan,"[1257, 1217, 1220, 1173, 1200, 1203, 1265, 1373, 1254, 1376, 1162, 1392, 1389, 1233, 1351, 1265, 1145, 1310, 1259, 1351, 1373, 1389, 1145, 1193, 1233, 1310, 1138, 1193, 1259, 1259, 1193, 1233]",0.5034811871943407
1265,Marist,"[1392, 1159, 1162, 1452, 1435, 1155, 1119, 1264, 1145, 1263, 1137, 1216, 1158, 1310, 1145, 1233, 1264, 1259, 1389, 1193, 1373, 1389, 1351, 1233, 1259, 1310, 1351, 1440, 1373, 1193, 1373]",0.4873112140207749
1266,Marquette,"[1159, 1368, 1139, 1280, 1425, 1420, 1196, 1458, 1366, 1453, 1261, 1300, 1163, 1207, 1338, 1371, 1153, 1344, 1378, 1257, 1378, 1177, 1207, 1338, 1371, 1437, 1393, 1323, 1353, 1385, 1323, 1172, 1139, 1274, 1393]",0.61148718943965
1267,Marshall,"[1255, 1437, 1355, 1220, 1305, 1287, 1423, 1452, 1164, 1153, 1366, 1246, 1175, 1325, 1409, 1431, 1187, 1379, 1272, 1374, 1416, 1408, 1412, 1349, 1272, 1416, 1412, 1222, 1379, 1187, 1408]",0.5191837675623291
1268,Maryland,"[1246, 1287, 1254, 1248, 1204, 1321, 1206, 1271, 1354, 1284, 1392, 1175, 1237, 1439, 1199, 1274, 1301, 1314, 1130, 1181, 1199, 1448, 1439, 1438, 1181, 1130, 1155, 1210, 1448, 1314, 1438, 1448, 1181, 1314]",0.5334558352997839
1269,Massachusetts,"[1217, 1344, 1301, 1397, 1373, 1274, 1318, 1189, 1325, 1187, 1296, 1275, 1185, 1387, 1200, 1182, 1203, 1350, 1247, 1150, 1348, 1386, 1433, 1396, 1382, 1173, 1462, 1139, 1348, 1203, 1396, 1433]",0.5500684922881102
1270,McNeese St,"[1261, 1369, 1279, 1418, 1256, 1403, 1314, 1322, 1372, 1311, 1394, 1358, 1249, 1146, 1331, 1372, 1322, 1358, 1394, 1249, 1368, 1405, 1331, 1146, 1368, 1311, 1311, 1368]",0.45405532061564446
1271,MD E Shore,"[1218, 1223, 1115, 1378, 1444, 1260, 1175, 1268, 1153, 1163, 1325, 1110, 1313, 1175, 1197, 1126, 1299, 1300, 1224, 1313, 1288, 1164, 1214, 1224, 1288, 1164, 1366, 1366]",0.45583253772486865
1272,Memphis,"[1316, 1359, 1433, 1278, 1320, 1404, 1325, 1122, 1257, 1252, 1331, 1259, 1397, 1187, 1412, 1349, 1217, 1408, 1267, 1187, 1409, 1374, 1379, 1416, 1267, 1222, 1379, 1462, 1416, 1431, 1412, 1408, 1409, 1379, 1388, 1277]",0.5725818388958079
1273,Mercer,"[1206, 1227, 1448, 1202, 1307, 1199, 1176, 1105, 1151, 1208, 1104, 1391, 1195, 1244, 1316, 1239, 1190, 1367, 1297, 1252, 1244, 1239, 1316, 1367, 1190, 1252, 1297, 1195, 1391, 1252, 1367, 1195]",0.4533979462249947
1274,Miami FL,"[1391, 1195, 1239, 1178, 1277, 1269, 1150, 1416, 1218, 1112, 1232, 1247, 1210, 1314, 1268, 1130, 1181, 1199, 1439, 1301, 1130, 1314, 1199, 1155, 1438, 1448, 1439, 1181, 1210, 1155, 1130, 1301, 1314, 1334, 1228, 1266]",0.6181668895971552
1275,Miami OH,"[1301, 1212, 1257, 1456, 1241, 1236, 1191, 1173, 1460, 1227, 1269, 1296, 1138, 1132, 1185, 1325, 1123, 1444, 1141, 1405, 1103, 1245, 1138, 1356, 1132, 1245, 1103, 1325, 1132, 1185]",0.5001963052380728
1276,Michigan,"[1237, 1156, 1338, 1243, 1301, 1133, 1444, 1116, 1127, 1452, 1185, 1141, 1321, 1234, 1304, 1326, 1278, 1345, 1228, 1321, 1231, 1326, 1458, 1277, 1336, 1228, 1336, 1277, 1345, 1231, 1336, 1458, 1355, 1433, 1242, 1196, 1393, 1257]",0.592011078167308
1277,Michigan St,"[1163, 1242, 1411, 1129, 1324, 1418, 1274, 1311, 1115, 1260, 1132, 1400, 1278, 1345, 1234, 1304, 1336, 1326, 1458, 1231, 1228, 1278, 1345, 1276, 1304, 1231, 1326, 1276, 1458, 1321, 1234, 1326, 1434, 1272, 1181]",0.6311927731115367
1278,Minnesota,"[1110, 1405, 1398, 1350, 1181, 1272, 1390, 1199, 1316, 1355, 1425, 1295, 1248, 1277, 1321, 1228, 1231, 1276, 1321, 1458, 1304, 1234, 1277, 1228, 1458, 1234, 1326, 1231, 1336, 1304, 1345, 1228, 1417, 1196]",0.6167934919156
1279,Mississippi,"[1290, 1157, 1114, 1270, 1252, 1353, 1292, 1190, 1258, 1232, 1362, 1218, 1200, 1397, 1281, 1435, 1116, 1397, 1120, 1246, 1196, 1280, 1281, 1401, 1208, 1376, 1120, 1401, 1280, 1104, 1261, 1281, 1435, 1196, 1458, 1247]",0.5246345869975975
1280,Mississippi St,"[1407, 1194, 1314, 1266, 1400, 1108, 1344, 1427, 1260, 1146, 1105, 1309, 1376, 1208, 1104, 1397, 1116, 1196, 1401, 1261, 1279, 1196, 1281, 1261, 1104, 1435, 1246, 1279, 1376, 1120, 1376, 1397]",0.5252189457907591
1281,Missouri,"[1188, 1108, 1311, 1390, 1257, 1433, 1111, 1369, 1398, 1354, 1228, 1417, 1137, 1104, 1279, 1208, 1196, 1376, 1435, 1261, 1120, 1401, 1279, 1280, 1116, 1196, 1246, 1376, 1261, 1116, 1397, 1401, 1279, 1161]",0.5747063519470915
1282,Missouri KC,"[1371, 1107, 1313, 1326, 1237, 1442, 1315, 1257, 1111, 1235, 1369, 1243, 1303, 1355, 1295, 1430, 1377, 1324, 1236, 1223, 1303, 1295, 1355, 1223, 1377, 1236, 1324, 1399, 1442, 1237, 1295]",0.503110898068056
1283,Missouri St,"[1361, 1239, 1376, 1374, 1331, 1409, 1329, 1434, 1105, 1308, 1356, 1191, 1179, 1229, 1166, 1232, 1133, 1455, 1179, 1166, 1191, 1320, 1455, 1232, 1356, 1320, 1185, 1229, 1133, 1356, 1455]",0.5542378474049204
1284,Monmouth NJ,"[1220, 1323, 1351, 1209, 1375, 1398, 1248, 1127, 1298, 1393, 1268, 1437, 1200, 1447, 1291, 1384, 1352, 1383, 1254, 1192, 1357, 1148, 1136, 1346, 1192, 1254, 1383, 1352, 1384, 1291, 1447]",0.4571651999997432
1285,Montana,"[1161, 1225, 1360, 1140, 1362, 1355, 1319, 1170, 1186, 1340, 1315, 1294, 1381, 1286, 1226, 1451, 1340, 1186, 1294, 1315, 1451, 1226, 1172, 1286, 1381, 1170, 1319, 1294, 1451, 1393]",0.47956998733801665
1286,Montana St,"[1370, 1339, 1102, 1333, 1337, 1363, 1319, 1170, 1340, 1186, 1294, 1315, 1285, 1381, 1451, 1226, 1186, 1340, 1315, 1294, 1226, 1451, 1377, 1381, 1285, 1319, 1170, 1294]",0.39310521778660984
1287,Morehead St,"[1254, 1268, 1248, 1246, 1313, 1267, 1460, 1295, 1232, 1377, 1295, 1379, 1188, 1183, 1122, 1184, 1369, 1404, 1125, 1398, 1125, 1240, 1184, 1240, 1399, 1293, 1324, 1398, 1399, 1404, 1398]",0.5302700913848606
1288,Morgan St,"[1427, 1330, 1221, 1376, 1251, 1440, 1229, 1438, 1258, 1360, 1386, 1354, 1366, 1214, 1313, 1299, 1300, 1214, 1313, 1164, 1224, 1271, 1175, 1219, 1164, 1271, 1175, 1197, 1354, 1366, 1126, 1299]",0.3946751111600969
1290,MS Valley St,"[1279, 1153, 1321, 1261, 1438, 1439, 1133, 1204, 1167, 1395, 1115, 1105, 1106, 1108, 1380, 1341, 1411, 1238, 1212, 1105, 1106, 1108, 1380, 1341, 1411, 1238, 1212, 1115]",0.40226007855755197
1291,Mt St Mary's,"[1338, 1216, 1110, 1207, 1203, 1127, 1298, 1259, 1231, 1444, 1420, 1192, 1284, 1383, 1254, 1136, 1148, 1447, 1352, 1346, 1357, 1447, 1384, 1136, 1148, 1254, 1383, 1284, 1192, 1136, 1352, 1254]",0.48714242883958353
1292,MTSU,"[1106, 1366, 1196, 1416, 1411, 1418, 1103, 1412, 1279, 1125, 1398, 1435, 1198, 1317, 1117, 1375, 1194, 1419, 1114, 1418, 1317, 1443, 1198, 1194, 1117, 1407, 1114, 1375, 1419, 1407, 1443, 1418, 1198, 1388]",0.5284179077845244
1293,Murray St,"[1120, 1385, 1160, 1330, 1252, 1191, 1443, 1117, 1173, 1434, 1404, 1369, 1184, 1122, 1183, 1188, 1399, 1240, 1122, 1125, 1398, 1188, 1183, 1287, 1355, 1404, 1369, 1184, 1125]",0.4758678454685977
1294,N Colorado,"[1142, 1461, 1161, 1415, 1320, 1455, 1315, 1381, 1451, 1226, 1286, 1285, 1340, 1186, 1319, 1170, 1226, 1451, 1285, 1286, 1319, 1170, 1315, 1413, 1186, 1340, 1381, 1286, 1285]",0.454984725736259
1295,N Dakota St,"[1231, 1464, 1182, 1241, 1453, 1303, 1287, 1315, 1278, 1406, 1287, 1355, 1377, 1282, 1236, 1324, 1237, 1442, 1355, 1282, 1377, 1324, 1236, 1442, 1237, 1103, 1430, 1303, 1282, 1442, 1355]",0.4813879579500879
1296,N Illinois,"[1303, 1434, 1260, 1227, 1173, 1188, 1454, 1177, 1370, 1449, 1269, 1275, 1103, 1325, 1444, 1141, 1185, 1245, 1405, 1132, 1138, 1123, 1444, 1183, 1185, 1141, 1405, 1123, 1185]",0.44554112913880484
1297,N Kentucky,"[1360, 1409, 1373, 1169, 1326, 1403, 1214, 1298, 1239, 1316, 1367, 1190, 1252, 1391, 1195, 1273, 1244, 1190, 1367, 1252, 1195, 1391, 1244, 1273, 1316, 1239, 1362]",0.4194873808662792
1298,Navy,"[1373, 1127, 1412, 1395, 1341, 1175, 1236, 1408, 1284, 1291, 1136, 1297, 1107, 1236, 1313, 1248, 1221, 1119, 1110, 1159, 1250, 1137, 1248, 1221, 1119, 1110, 1159, 1250, 1137, 1137]",0.4753220369748539
1299,NC A&T,"[1430, 1460, 1153, 1235, 1144, 1240, 1422, 1300, 1312, 1371, 1184, 1403, 1167, 1347, 1204, 1126, 1197, 1224, 1288, 1164, 1271, 1175, 1126, 1197, 1354, 1366, 1300, 1354, 1366, 1313, 1197, 1300, 1175, 1288, 1251, 1257]",0.4346677660365571
1300,NC Central,"[1455, 1461, 1380, 1377, 1447, 1430, 1299, 1184, 1179, 1430, 1266, 1457, 1197, 1126, 1224, 1164, 1288, 1175, 1271, 1197, 1126, 1366, 1354, 1299, 1366, 1354, 1214, 1299]",0.4346818205281882
1301,NC State,"[1275, 1336, 1269, 1329, 1421, 1276, 1163, 1156, 1313, 1390, 1382, 1444, 1422, 1130, 1210, 1181, 1268, 1155, 1448, 1314, 1438, 1274, 1181, 1155, 1439, 1199, 1314, 1130, 1210, 1448, 1199, 1439, 1438, 1274, 1396]",0.5758672359780852
1303,NE Omaha,"[1296, 1403, 1408, 1304, 1126, 1152, 1295, 1355, 1458, 1235, 1176, 1410, 1377, 1282, 1324, 1236, 1237, 1442, 1167, 1377, 1282, 1236, 1324, 1442, 1237, 1152, 1315, 1355, 1295]",0.4395587847446855
1304,Nebraska,"[1380, 1434, 1303, 1408, 1245, 1448, 1425, 1166, 1332, 1240, 1141, 1431, 1311, 1326, 1458, 1276, 1277, 1345, 1336, 1228, 1321, 1278, 1326, 1336, 1231, 1277, 1234, 1458, 1228, 1278, 1234, 1345, 1326]",0.5939161807888126
1305,Nevada,"[1414, 1168, 1453, 1381, 1267, 1413, 1179, 1334, 1449, 1142, 1362, 1463, 1332, 1102, 1461, 1201, 1361, 1129, 1424, 1307, 1161, 1102, 1461, 1201, 1361, 1129, 1424, 1307, 1161, 1461]",0.5561007942640311
1306,New Hampshire,"[1171, 1136, 1312, 1221, 1163, 1135, 1148, 1463, 1130, 1336, 1159, 1436, 1392, 1420, 1107, 1131, 1216, 1127, 1263, 1392, 1436, 1420, 1131, 1216, 1127, 1107, 1263, 1436]",0.46470835687102774
1307,New Mexico,"[1172, 1227, 1206, 1163, 1225, 1339, 1273, 1232, 1425, 1434, 1308, 1308, 1355, 1153, 1387, 1424, 1201, 1129, 1161, 1361, 1461, 1305, 1102, 1424, 1201, 1129, 1161, 1361, 1461, 1305, 1102, 1461, 1361, 1424, 1217]",0.6179351782925316
1308,New Mexico St,"[1333, 1368, 1137, 1310, 1418, 1431, 1379, 1375, 1307, 1307, 1283, 1426, 1256, 1427, 1402, 1370, 1225, 1429, 1363, 1176, 1402, 1427, 1225, 1370, 1363, 1429, 1431, 1176, 1256, 1426, 1225, 1402, 1426, 1387]",0.5371633189733896
1309,New Orleans,"[1363, 1356, 1126, 1311, 1369, 1182, 1311, 1356, 1369, 1129, 1280, 1139, 1363, 1349, 1312, 1102, 1410, 1223, 1132, 1312, 1223, 1410]",0.38637057875861147
1310,Niagara,"[1333, 1384, 1137, 1308, 1382, 1233, 1141, 1259, 1138, 1216, 1436, 1323, 1265, 1193, 1135, 1389, 1193, 1373, 1264, 1373, 1145, 1233, 1259, 1351, 1145, 1265, 1264, 1322, 1351, 1389, 1373, 1233]",0.4977636118558631
1311,Nicholls St,"[1435, 1281, 1309, 1277, 1408, 1309, 1429, 1356, 1413, 1304, 1146, 1331, 1270, 1368, 1322, 1372, 1394, 1358, 1331, 1146, 1368, 1372, 1322, 1249, 1427, 1358, 1394, 1249, 1270, 1270]",0.4348106997412353
1312,NJIT,"[1344, 1354, 1306, 1354, 1385, 1371, 1119, 1299, 1437, 1383, 1248, 1430, 1152, 1192, 1335, 1309, 1410, 1223, 1159, 1152, 1430, 1309, 1223, 1410, 1223]",0.3556468464938432
1313,Norfolk St,"[1348, 1371, 1255, 1259, 1282, 1184, 1287, 1383, 1366, 1354, 1420, 1228, 1301, 1233, 1187, 1123, 1298, 1271, 1224, 1164, 1288, 1214, 1164, 1288, 1175, 1271, 1214, 1175, 1126, 1197, 1299, 1126]",0.39595850094500046
1314,North Carolina,"[1205, 1194, 1253, 1280, 1139, 1231, 1412, 1190, 1187, 1400, 1270, 1424, 1438, 1274, 1199, 1268, 1210, 1301, 1130, 1439, 1448, 1274, 1181, 1438, 1210, 1301, 1155, 1199, 1268, 1181, 1199, 1268, 1274, 1437, 1242]",0.6126880001458456
1315,North Dakota,"[1243, 1320, 1218, 1355, 1282, 1295, 1381, 1294, 1132, 1226, 1451, 1285, 1286, 1186, 1340, 1170, 1319, 1451, 1226, 1286, 1285, 1170, 1319, 1294, 1303, 1340, 1186, 1381, 1381, 1451]",0.451210193135666
1316,North Florida,"[1272, 1366, 1243, 1199, 1126, 1197, 1278, 1338, 1161, 1339, 1167, 1204, 1252, 1297, 1391, 1195, 1273, 1244, 1239, 1367, 1190, 1195, 1391, 1244, 1273, 1239, 1190, 1367, 1297, 1252, 1195]",0.4692640607638456
1317,North Texas,"[1166, 1249, 1237, 1438, 1426, 1418, 1387, 1238, 1368, 1250, 1443, 1292, 1407, 1419, 1114, 1375, 1198, 1194, 1292, 1114, 1418, 1117, 1443, 1198, 1419, 1407, 1194, 1375, 1117, 1418]",0.47925448824333206
1318,Northeastern,"[1131, 1343, 1436, 1415, 1125, 1150, 1263, 1269, 1247, 1421, 1148, 1412, 1206, 1423, 1180, 1406, 1220, 1174, 1456, 1206, 1209, 1180, 1220, 1330, 1456, 1174, 1423, 1241, 1209, 1330, 1206, 1241]",0.4764114609420668
1319,Northern Arizona,"[1332, 1424, 1413, 1240, 1144, 1112, 1358, 1258, 1286, 1285, 1160, 1140, 1170, 1381, 1186, 1340, 1451, 1226, 1294, 1315, 1381, 1170, 1340, 1186, 1294, 1315, 1218, 1226, 1451, 1286, 1285, 1451]",0.47623039112922694
1320,Northern Iowa,"[1405, 1315, 1257, 1390, 1272, 1454, 1294, 1206, 1234, 1424, 1388, 1455, 1232, 1229, 1191, 1133, 1166, 1179, 1356, 1232, 1191, 1455, 1283, 1133, 1166, 1179, 1283, 1176, 1356, 1229, 1229]",0.5729235272478028
1321,Northwestern,"[1411, 1290, 1192, 1175, 1395, 1229, 1268, 1227, 1124, 1139, 1402, 1390, 1135, 1276, 1278, 1336, 1234, 1228, 1231, 1278, 1304, 1276, 1345, 1234, 1326, 1228, 1458, 1345, 1326, 1336, 1277, 1234]",0.5531677416145019
1322,Northwestern LA,"[1144, 1261, 1401, 1328, 1256, 1116, 1270, 1249, 1358, 1331, 1146, 1311, 1368, 1372, 1249, 1270, 1331, 1146, 1368, 1311, 1394, 1310, 1372, 1394, 1358, 1358, 1372, 1196]",0.49712058196708797
1323,Notre Dame,"[1191, 1284, 1386, 1140, 1203, 1384, 1152, 1246, 1135, 1345, 1236, 1244, 1310, 1371, 1153, 1163, 1385, 1353, 1207, 1378, 1437, 1177, 1393, 1257, 1177, 1344, 1338, 1153, 1266, 1385, 1257, 1353, 1266, 1257, 1235]",0.5645503068491964
1324,Oakland,"[1418, 1129, 1338, 1411, 1277, 1397, 1444, 1325, 1434, 1452, 1185, 1442, 1237, 1303, 1104, 1355, 1295, 1282, 1377, 1237, 1442, 1303, 1295, 1355, 1377, 1282, 1236, 1287, 1236, 1236]",0.5037289993140583
1325,Ohio,"[1339, 1423, 1459, 1214, 1350, 1382, 1352, 1272, 1324, 1457, 1269, 1271, 1328, 1267, 1138, 1444, 1296, 1405, 1275, 1245, 1103, 1123, 1132, 1141, 1245, 1185, 1125, 1103, 1132, 1138, 1275, 1444, 1103]",0.4988561324351091
1326,Ohio St,"[1107, 1348, 1449, 1282, 1181, 1297, 1253, 1366, 1421, 1457, 1242, 1152, 1304, 1228, 1345, 1276, 1277, 1234, 1336, 1458, 1304, 1276, 1231, 1321, 1458, 1278, 1277, 1321, 1231, 1228, 1304, 1277, 1458, 1233, 1235, 1112, 1455]",0.6056669229380051
1328,Oklahoma,"[1419, 1426, 1431, 1211, 1452, 1331, 1322, 1116, 1401, 1372, 1325, 1394, 1452, 1329, 1403, 1243, 1400, 1242, 1124, 1243, 1235, 1242, 1395, 1329, 1403, 1124, 1400, 1235, 1452, 1395, 1235, 1361]",0.5831237409225537
1329,Oklahoma St,"[1413, 1103, 1397, 1301, 1340, 1439, 1378, 1283, 1146, 1426, 1399, 1211, 1243, 1395, 1328, 1403, 1124, 1452, 1235, 1242, 1124, 1400, 1403, 1328, 1242, 1452, 1395, 1400, 1235, 1243, 1124, 1243, 1332]",0.5681223300934051
1330,Old Dominion,"[1221, 1288, 1427, 1156, 1440, 1293, 1456, 1350, 1433, 1416, 1158, 1438, 1193, 1241, 1174, 1206, 1423, 1209, 1241, 1406, 1209, 1206, 1180, 1318, 1174, 1456, 1423, 1220, 1180, 1318]",0.490420305912015
1331,Oral Roberts,"[1431, 1334, 1258, 1150, 1125, 1328, 1283, 1402, 1112, 1409, 1272, 1368, 1311, 1322, 1372, 1394, 1358, 1249, 1270, 1311, 1368, 1322, 1372, 1358, 1394, 1146, 1451, 1270, 1249, 1146, 1358]",0.48788771201446407
1332,Oregon,"[1319, 1340, 1435, 1240, 1424, 1153, 1427, 1115, 1226, 1304, 1431, 1223, 1305, 1333, 1112, 1113, 1425, 1417, 1450, 1449, 1390, 1143, 1160, 1428, 1449, 1450, 1143, 1390, 1333, 1160, 1428, 1449, 1428, 1417, 1329, 1387, 1257]",0.5472519731150236
1333,Oregon St,"[1310, 1308, 1104, 1345, 1286, 1242, 1212, 1340, 1152, 1224, 1360, 1406, 1410, 1332, 1113, 1112, 1417, 1425, 1449, 1450, 1143, 1390, 1428, 1160, 1450, 1449, 1390, 1143, 1332, 1428, 1160, 1160]",0.5226939123329415
1334,Pacific,"[1201, 1331, 1462, 1388, 1143, 1211, 1305, 1362, 1365, 1388, 1253, 1413, 1364, 1142, 1218, 1169, 1415, 1168, 1413, 1142, 1364, 1169, 1218, 1414, 1444, 1168, 1415, 1414, 1253, 1364, 1142, 1414, 1274]",0.5153650328153986
1335,Penn,"[1420, 1174, 1193, 1180, 1200, 1250, 1127, 1336, 1437, 1174, 1447, 1139, 1247, 1248, 1343, 1312, 1386, 1396, 1162, 1165, 1463, 1135, 1217, 1171, 1165, 1162, 1171, 1217, 1135, 1463, 1343]",0.47332408346416893
1336,Penn St,"[1384, 1301, 1344, 1103, 1137, 1130, 1335, 1247, 1119, 1175, 1306, 1182, 1458, 1231, 1321, 1345, 1277, 1304, 1231, 1326, 1234, 1345, 1304, 1234, 1276, 1228, 1276, 1278, 1321, 1458, 1276]",0.5728074170834999
1337,Pepperdine,"[1169, 1143, 1450, 1223, 1414, 1286, 1430, 1415, 1218, 1141, 1106, 1408, 1211, 1339, 1140, 1360, 1365, 1258, 1388, 1140, 1362, 1211, 1339, 1258, 1365, 1362, 1388, 1360, 1360]",0.4861861732278095
1338,Pittsburgh,"[1291, 1200, 1250, 1324, 1276, 1174, 1224, 1178, 1182, 1316, 1126, 1175, 1244, 1153, 1353, 1207, 1266, 1437, 1163, 1344, 1177, 1257, 1393, 1371, 1153, 1266, 1323, 1385, 1378, 1437, 1177, 1393, 1455]",0.5560040010793139
1339,Portland,"[1325, 1226, 1286, 1340, 1307, 1450, 1424, 1246, 1167, 1316, 1161, 1133, 1410, 1360, 1337, 1258, 1211, 1388, 1362, 1140, 1365, 1388, 1258, 1337, 1362, 1140, 1360, 1365, 1211, 1258]",0.5228885713823064
1340,Portland St,"[1332, 1339, 1329, 1258, 1333, 1226, 1451, 1286, 1285, 1170, 1319, 1294, 1315, 1381, 1186, 1285, 1286, 1319, 1170, 1381, 1186, 1415, 1315, 1294, 1451, 1226]",0.42100879364393323
1341,Prairie View,"[1403, 1401, 1395, 1412, 1298, 1192, 1222, 1417, 1143, 1222, 1108, 1380, 1411, 1212, 1238, 1290, 1115, 1106, 1105, 1411, 1212, 1238, 1290, 1115, 1106, 1105, 1108, 1380, 1108, 1238, 1380]",0.38706928955007947
1342,Presbyterian,"[1155, 1210, 1166, 1458, 1165, 1197, 1202, 1240, 1397, 1111, 1376, 1440, 1157, 1144, 1457, 1251, 1149, 1255, 1421, 1219, 1205, 1347, 1157, 1457, 1149, 1154, 1421, 1205, 1144]",0.4246795518949275
1343,Princeton,"[1138, 1318, 1353, 1393, 1248, 1447, 1245, 1180, 1200, 1351, 1137, 1103, 1189, 1335, 1165, 1162, 1135, 1463, 1171, 1217, 1162, 1165, 1217, 1171, 1463, 1135, 1335]",0.49424669182429853
1344,Providence,"[1312, 1136, 1269, 1336, 1421, 1193, 1221, 1280, 1348, 1159, 1130, 1135, 1257, 1177, 1393, 1371, 1207, 1437, 1338, 1266, 1163, 1437, 1153, 1378, 1323, 1393, 1353, 1385, 1371, 1163, 1153]",0.5569618767272664
1345,Purdue,"[1137, 1220, 1437, 1333, 1423, 1155, 1462, 1249, 1185, 1323, 1123, 1456, 1228, 1277, 1326, 1336, 1304, 1452, 1276, 1234, 1231, 1321, 1336, 1277, 1228, 1231, 1321, 1234, 1458, 1276, 1278, 1304]",0.5462855573706378
1346,Quinnipiac,"[1216, 1110, 1233, 1163, 1206, 1250, 1159, 1436, 1131, 1107, 1263, 1383, 1254, 1136, 1357, 1214, 1384, 1352, 1148, 1192, 1291, 1447, 1284, 1352, 1384, 1357, 1136, 1148, 1383, 1254, 1254]",0.4909041261083272
1347,Radford,"[1448, 1406, 1244, 1184, 1154, 1214, 1174, 1456, 1150, 1452, 1299, 1149, 1219, 1421, 1255, 1205, 1144, 1457, 1440, 1157, 1251, 1342, 1440, 1255, 1144, 1373, 1219, 1251, 1457]",0.4027693260523801
1348,Rhode Island,"[1313, 1439, 1326, 1371, 1259, 1120, 1206, 1436, 1344, 1374, 1209, 1388, 1135, 1350, 1150, 1387, 1203, 1200, 1433, 1139, 1269, 1382, 1173, 1182, 1462, 1247, 1396, 1386, 1269]",0.5626705071834266
1349,Rice,"[1396, 1210, 1179, 1180, 1223, 1254, 1216, 1152, 1395, 1400, 1217, 1379, 1409, 1272, 1309, 1416, 1408, 1222, 1187, 1431, 1374, 1267, 1412, 1408, 1374, 1431, 1222, 1409, 1222]",0.5054521715397784
1350,Richmond,"[1251, 1423, 1214, 1278, 1459, 1325, 1456, 1448, 1330, 1241, 1391, 1242, 1206, 1172, 1102, 1348, 1247, 1139, 1150, 1433, 1269, 1396, 1462, 1387, 1386, 1382, 1200, 1203, 1173, 1433, 1182, 1150]",0.5479177740397696
1351,Rider,"[1352, 1392, 1284, 1376, 1374, 1239, 1454, 1247, 1180, 1373, 1193, 1343, 1353, 1174, 1259, 1373, 1264, 1259, 1389, 1233, 1145, 1264, 1193, 1265, 1310, 1233, 1389, 1265, 1149, 1310, 1145, 1193]",0.49543376318243354
1352,Robert Morris,"[1351, 1250, 1200, 1462, 1132, 1156, 1366, 1325, 1144, 1214, 1182, 1418, 1116, 1136, 1148, 1192, 1284, 1357, 1346, 1384, 1291, 1383, 1254, 1384, 1447, 1346, 1357, 1284, 1192, 1136, 1148, 1383, 1291]",0.44287799399371175
1353,Rutgers,"[1389, 1357, 1343, 1131, 1422, 1279, 1233, 1203, 1412, 1224, 1351, 1393, 1338, 1385, 1153, 1378, 1323, 1385, 1163, 1153, 1257, 1207, 1371, 1177, 1437, 1344, 1207, 1266, 1371, 1177, 1323]",0.5562471656589779
1354,S Carolina St,"[1244, 1312, 1107, 1312, 1239, 1313, 1268, 1107, 1281, 1234, 1155, 1376, 1288, 1164, 1126, 1197, 1366, 1214, 1224, 1366, 1299, 1300, 1126, 1197, 1299, 1300, 1175, 1288]",0.4562271349693502
1355,S Dakota St,"[1104, 1398, 1220, 1267, 1315, 1303, 1278, 1167, 1285, 1125, 1307, 1295, 1282, 1377, 1324, 1236, 1442, 1237, 1295, 1377, 1282, 1236, 1324, 1237, 1442, 1167, 1293, 1303, 1237, 1236, 1295, 1276]",0.4947782433305565
1356,S Illinois,"[1309, 1188, 1387, 1201, 1443, 1453, 1309, 1413, 1311, 1429, 1283, 1133, 1191, 1455, 1232, 1133, 1229, 1320, 1166, 1179, 1229, 1455, 1232, 1191, 1283, 1166, 1275, 1320, 1179, 1283]",0.48636988113547036
1357,Sacred Heart,"[1463, 1353, 1216, 1392, 1250, 1135, 1221, 1248, 1392, 1247, 1203, 1254, 1383, 1148, 1346, 1352, 1384, 1136, 1284, 1447, 1291, 1192, 1384, 1352, 1346, 1148, 1136, 1254, 1383]",0.5006107299802881
1358,Sam Houston St,"[1116, 1231, 1379, 1251, 1414, 1400, 1319, 1223, 1359, 1394, 1322, 1249, 1270, 1146, 1331, 1368, 1311, 1394, 1270, 1249, 1331, 1146, 1372, 1186, 1311, 1368, 1372, 1322, 1146, 1331, 1322]",0.45173036250783943
1359,Samford,"[1122, 1257, 1272, 1405, 1108, 1426, 1195, 1204, 1246, 1132, 1358, 1404, 1458, 1151, 1158, 1154, 1441, 1111, 1422, 1172, 1189, 1158, 1154, 1151, 1459, 1202, 1189, 1422, 1111, 1441, 1202]",0.45198873677554396
1360,San Diego,"[1297, 1169, 1409, 1373, 1364, 1285, 1372, 1381, 1408, 1361, 1333, 1241, 1288, 1339, 1362, 1337, 1258, 1140, 1388, 1365, 1211, 1258, 1140, 1388, 1365, 1339, 1211, 1362, 1337, 1337, 1140, 1388]",0.5416308898411408
1361,San Diego St,"[1393, 1283, 1115, 1425, 1417, 1411, 1364, 1360, 1362, 1232, 1112, 1167, 1201, 1161, 1424, 1461, 1305, 1307, 1102, 1129, 1201, 1161, 1424, 1461, 1305, 1307, 1102, 1129, 1129, 1307, 1328, 1195]",0.585223198472563
1362,San Francisco,"[1390, 1110, 1162, 1285, 1385, 1334, 1305, 1221, 1361, 1279, 1190, 1365, 1140, 1360, 1388, 1365, 1258, 1339, 1211, 1388, 1337, 1140, 1339, 1211, 1258, 1337, 1360, 1258, 1297]",0.5218003389455865
1363,San Jose St,"[1309, 1222, 1451, 1242, 1286, 1413, 1170, 1365, 1241, 1402, 1427, 1225, 1370, 1309, 1429, 1176, 1308, 1256, 1426, 1370, 1225, 1429, 1308, 1176, 1426, 1256, 1402, 1427]",0.5037866776132508
1364,Santa Barbara,"[1261, 1229, 1360, 1129, 1461, 1365, 1361, 1143, 1461, 1168, 1414, 1253, 1334, 1413, 1142, 1169, 1218, 1253, 1414, 1413, 1334, 1142, 1415, 1170, 1218, 1169, 1168, 1415, 1334]",0.4976053685704734
1365,Santa Clara,"[1387, 1367, 1430, 1186, 1429, 1364, 1363, 1334, 1142, 1108, 1447, 1181, 1362, 1211, 1258, 1140, 1362, 1337, 1167, 1360, 1339, 1140, 1388, 1360, 1337, 1211, 1339, 1258, 1388, 1258]",0.5125890821042296
1366,Savannah St,"[1292, 1316, 1106, 1416, 1196, 1442, 1352, 1313, 1326, 1266, 1267, 1442, 1387, 1164, 1288, 1197, 1126, 1354, 1224, 1214, 1354, 1197, 1300, 1299, 1144, 1126, 1300, 1299, 1271, 1271, 1288]",0.47780945031947863
1367,SC Upstate,"[1387, 1427, 1365, 1186, 1430, 1421, 1243, 1427, 1124, 1398, 1214, 1297, 1252, 1195, 1391, 1244, 1273, 1316, 1239, 1190, 1252, 1297, 1391, 1195, 1273, 1244, 1239, 1316, 1190, 1239, 1273]",0.4486277024489416
1368,SE Louisiana,"[1458, 1266, 1308, 1256, 1369, 1419, 1317, 1196, 1331, 1146, 1249, 1311, 1372, 1322, 1358, 1394, 1146, 1331, 1311, 1322, 1372, 1270, 1457, 1394, 1358, 1270, 1249, 1270, 1372]",0.4824611470044079
1369,SE Missouri St,"[1242, 1270, 1151, 1256, 1407, 1227, 1309, 1368, 1281, 1146, 1309, 1282, 1404, 1122, 1293, 1125, 1398, 1287, 1399, 1188, 1183, 1184, 1188, 1183, 1404, 1240, 1123, 1122, 1293, 1183, 1184]",0.4422114550517487
1370,Seattle,"[1286, 1438, 1390, 1129, 1186, 1449, 1238, 1296, 1144, 1225, 1429, 1363, 1308, 1176, 1426, 1256, 1427, 1402, 1363, 1429, 1176, 1308, 1256, 1426, 1402, 1427, 1167, 1225, 1402]",0.47145625421981346
1371,Seton Hall,"[1282, 1313, 1449, 1348, 1263, 1389, 1261, 1312, 1448, 1299, 1255, 1254, 1392, 1177, 1323, 1257, 1344, 1266, 1378, 1385, 1207, 1153, 1338, 1163, 1353, 1393, 1266, 1257, 1437, 1344, 1353, 1378, 1393]",0.5585818881907535
1372,SF Austin,"[1198, 1409, 1360, 1401, 1328, 1212, 1394, 1249, 1270, 1146, 1331, 1368, 1311, 1322, 1270, 1249, 1146, 1331, 1311, 1368, 1358, 1253, 1322, 1358, 1394, 1368, 1322]",0.4291356868354458
1373,Siena,"[1436, 1298, 1169, 1297, 1360, 1263, 1269, 1107, 1382, 1351, 1264, 1200, 1247, 1233, 1351, 1145, 1389, 1310, 1145, 1310, 1265, 1264, 1193, 1259, 1389, 1193, 1259, 1347, 1265, 1233, 1265, 1310]",0.47606527238458446
1374,SMU,"[1258, 1395, 1402, 1351, 1114, 1283, 1428, 1220, 1348, 1428, 1447, 1108, 1202, 1461, 1409, 1222, 1408, 1379, 1431, 1416, 1267, 1222, 1272, 1349, 1408, 1187, 1349, 1412, 1409, 1431, 1412]",0.44879933844872494
1375,South Alabama,"[1199, 1398, 1284, 1209, 1194, 1198, 1308, 1412, 1394, 1114, 1117, 1419, 1292, 1418, 1317, 1419, 1443, 1198, 1117, 1114, 1407, 1194, 1418, 1292, 1317, 1443, 1407, 1443]",0.4750560143566758
1376,South Carolina,"[1454, 1288, 1351, 1189, 1283, 1114, 1385, 1155, 1239, 1111, 1264, 1342, 1354, 1280, 1120, 1261, 1435, 1281, 1116, 1196, 1208, 1246, 1397, 1261, 1104, 1279, 1208, 1281, 1401, 1280, 1435, 1280]",0.478753528731586
1377,South Dakota,"[1380, 1461, 1300, 1211, 1442, 1237, 1234, 1123, 1123, 1287, 1453, 1303, 1243, 1295, 1355, 1282, 1236, 1324, 1303, 1355, 1295, 1282, 1324, 1236, 1286, 1237, 1442, 1442]",0.5114536465309147
1378,South Florida,"[1416, 1271, 1260, 1444, 1133, 1391, 1208, 1329, 1464, 1132, 1206, 1416, 1393, 1437, 1257, 1353, 1207, 1371, 1323, 1266, 1163, 1266, 1437, 1344, 1257, 1385, 1338, 1177, 1163, 1153, 1371]",0.5815305298137085
1379,Southern Miss,"[1443, 1208, 1358, 1414, 1251, 1176, 1308, 1112, 1256, 1212, 1209, 1455, 1287, 1349, 1222, 1374, 1412, 1267, 1409, 1412, 1416, 1272, 1408, 1187, 1431, 1272, 1187, 1267, 1416, 1412, 1431, 1272]",0.5596105859662763
1380,Southern Univ,"[1235, 1304, 1377, 1300, 1461, 1408, 1419, 1395, 1401, 1411, 1341, 1212, 1238, 1115, 1290, 1106, 1105, 1108, 1212, 1238, 1115, 1290, 1106, 1105, 1108, 1411, 1341, 1105, 1341, 1211]",0.39751919811790254
1381,Southern Utah,"[1211, 1453, 1168, 1305, 1395, 1360, 1315, 1176, 1294, 1319, 1170, 1451, 1226, 1285, 1286, 1340, 1186, 1170, 1319, 1226, 1451, 1340, 1186, 1169, 1286, 1285, 1294, 1315, 1315]",0.44040467590887605
1382,St Bonaventure,"[1126, 1165, 1145, 1310, 1325, 1138, 1373, 1117, 1156, 1154, 1301, 1233, 1161, 1203, 1433, 1462, 1396, 1386, 1387, 1182, 1139, 1348, 1247, 1350, 1269, 1182, 1150, 1173, 1200]",0.5259991466060809
1383,St Francis NY,"[1248, 1228, 1119, 1135, 1313, 1107, 1130, 1392, 1385, 1159, 1312, 1346, 1357, 1291, 1447, 1284, 1192, 1254, 1148, 1352, 1384, 1136, 1254, 1192, 1284, 1447, 1291, 1346, 1357, 1352]",0.49287503042139175
1384,St Francis PA,"[1336, 1310, 1464, 1159, 1323, 1110, 1248, 1250, 1137, 1245, 1165, 1148, 1136, 1284, 1192, 1346, 1357, 1352, 1447, 1254, 1383, 1352, 1291, 1357, 1346, 1192, 1284, 1148, 1136]",0.47427061270314824
1385,St John's,"[1178, 1158, 1293, 1124, 1221, 1195, 1376, 1312, 1362, 1200, 1383, 1421, 1437, 1153, 1353, 1207, 1323, 1177, 1353, 1371, 1177, 1207, 1163, 1393, 1257, 1378, 1338, 1344, 1323, 1266, 1437]",0.5720572660157388
1386,St Joseph's PA,"[1463, 1323, 1199, 1217, 1110, 1166, 1164, 1437, 1193, 1233, 1180, 1288, 1139, 1182, 1433, 1335, 1382, 1462, 1200, 1396, 1173, 1269, 1350, 1247, 1203, 1387, 1200, 1348, 1150, 1462, 1433]",0.5379634158619426
1387,St Louis,"[1367, 1365, 1401, 1242, 1356, 1449, 1434, 1317, 1404, 1183, 1258, 1188, 1307, 1366, 1269, 1396, 1348, 1182, 1382, 1139, 1173, 1200, 1350, 1150, 1433, 1139, 1386, 1203, 1462, 1247, 1150, 1139, 1433, 1308, 1332]",0.5784440039653347
1388,St Mary's CA,"[1429, 1186, 1180, 1334, 1210, 1142, 1179, 1238, 1334, 1320, 1348, 1463, 1217, 1258, 1211, 1362, 1140, 1339, 1360, 1337, 1362, 1339, 1365, 1360, 1211, 1258, 1140, 1166, 1337, 1365, 1360, 1211, 1292, 1272]",0.5596060860046987
1389,St Peter's,"[1353, 1148, 1165, 1127, 1371, 1192, 1131, 1233, 1259, 1254, 1260, 1148, 1264, 1259, 1310, 1373, 1351, 1265, 1233, 1193, 1265, 1264, 1193, 1373, 1351, 1145, 1214, 1145, 1310, 1193]",0.4600456295033602
1390,Stanford,"[1362, 1168, 1108, 1125, 1281, 1320, 1278, 1370, 1176, 1413, 1301, 1321, 1248, 1425, 1417, 1450, 1449, 1143, 1160, 1428, 1332, 1333, 1112, 1113, 1425, 1417, 1333, 1332, 1160, 1428, 1143, 1113]",0.5633297526984932
1391,Stetson,"[1274, 1197, 1378, 1433, 1126, 1194, 1198, 1350, 1194, 1416, 1273, 1244, 1316, 1239, 1190, 1367, 1297, 1252, 1195, 1239, 1316, 1367, 1190, 1252, 1297, 1195, 1244, 1273, 1190, 1195]",0.45154827478307263
1392,Stony Brook,"[1265, 1351, 1357, 1145, 1163, 1165, 1183, 1383, 1357, 1268, 1371, 1264, 1306, 1127, 1216, 1131, 1436, 1420, 1263, 1107, 1306, 1216, 1127, 1436, 1420, 1263, 1131, 1107, 1127, 1107]",0.4486689078835445
1393,Syracuse,"[1361, 1447, 1343, 1159, 1116, 1185, 1253, 1284, 1145, 1178, 1396, 1108, 1148, 1353, 1378, 1344, 1437, 1257, 1153, 1437, 1338, 1323, 1385, 1163, 1371, 1344, 1207, 1266, 1257, 1177, 1207, 1371, 1338, 1207, 1257, 1285, 1143, 1231, 1266, 1276]",0.6291369763357121
1394,TAM C. Christi,"[1176, 1429, 1222, 1405, 1234, 1375, 1401, 1427, 1372, 1328, 1358, 1270, 1249, 1331, 1146, 1311, 1368, 1358, 1249, 1270, 1146, 1331, 1322, 1168, 1368, 1311, 1322, 1372]",0.4743649238012519
1395,TCU,"[1142, 1374, 1341, 1298, 1321, 1412, 1381, 1222, 1409, 1380, 1349, 1290, 1403, 1329, 1124, 1243, 1235, 1452, 1124, 1400, 1242, 1452, 1328, 1235, 1400, 1242, 1329, 1403, 1243, 1328, 1400]",0.5112519274581065
1396,Temple,"[1245, 1349, 1174, 1138, 1447, 1437, 1181, 1406, 1108, 1145, 1393, 1132, 1242, 1462, 1387, 1203, 1382, 1335, 1139, 1350, 1386, 1150, 1173, 1182, 1269, 1247, 1150, 1178, 1348, 1200, 1433, 1269, 1301, 1231]",0.5692665588023896
1397,Tennessee,"[1244, 1421, 1329, 1269, 1324, 1207, 1438, 1455, 1342, 1441, 1462, 1272, 1279, 1104, 1246, 1280, 1279, 1104, 1435, 1116, 1208, 1376, 1435, 1246, 1261, 1401, 1196, 1208, 1120, 1281, 1280, 1104]",0.559699768874729
1398,Tennessee St,"[1140, 1355, 1278, 1375, 1209, 1284, 1105, 1180, 1281, 1292, 1367, 1183, 1399, 1240, 1404, 1369, 1240, 1125, 1184, 1287, 1399, 1122, 1293, 1125, 1188, 1259, 1287, 1184, 1287, 1125]",0.5305948564337515
1399,Tennessee Tech,"[1157, 1190, 1191, 1260, 1252, 1453, 1205, 1454, 1120, 1329, 1240, 1398, 1125, 1183, 1188, 1369, 1293, 1122, 1398, 1125, 1240, 1184, 1287, 1404, 1282, 1184, 1287]",0.47114557387015465
1400,Texas,"[1201, 1164, 1425, 1280, 1358, 1426, 1207, 1417, 1402, 1314, 1277, 1349, 1124, 1452, 1235, 1242, 1328, 1403, 1243, 1395, 1452, 1329, 1235, 1242, 1395, 1243, 1328, 1329, 1124, 1403, 1395, 1243]",0.5426614554852809
1401,Texas A&M,"[1256, 1407, 1341, 1387, 1450, 1322, 1222, 1372, 1328, 1394, 1380, 1119, 1223, 1116, 1246, 1196, 1104, 1261, 1208, 1280, 1246, 1281, 1208, 1279, 1435, 1120, 1397, 1279, 1376, 1261, 1116, 1120, 1281]",0.5676387124146346
1402,Texas St,"[1200, 1374, 1150, 1258, 1415, 1428, 1331, 1410, 1400, 1321, 1141, 1363, 1429, 1176, 1308, 1256, 1426, 1427, 1225, 1370, 1308, 1176, 1426, 1256, 1427, 1249, 1370, 1225, 1429, 1363, 1370, 1176, 1308]",0.45903433689863066
1403,Texas Tech,"[1341, 1303, 1212, 1238, 1112, 1297, 1270, 1104, 1113, 1299, 1197, 1395, 1124, 1242, 1328, 1329, 1235, 1400, 1452, 1243, 1124, 1329, 1452, 1328, 1235, 1243, 1395, 1242, 1400, 1452, 1242]",0.5297379988689433
1404,TN Martin,"[1114, 1153, 1117, 1133, 1272, 1244, 1146, 1252, 1387, 1359, 1369, 1240, 1293, 1122, 1398, 1125, 1287, 1183, 1188, 1184, 1183, 1188, 1369, 1399, 1255, 1293, 1122, 1287]",0.453582862805057
1405,Toledo,"[1260, 1278, 1320, 1359, 1195, 1394, 1156, 1178, 1183, 1227, 1152, 1245, 1141, 1444, 1325, 1103, 1132, 1123, 1296, 1275, 1185, 1138, 1141, 1270, 1444, 1123, 1296, 1185]",0.44335738142826264
1406,Towson,"[1158, 1347, 1184, 1244, 1259, 1420, 1436, 1207, 1396, 1295, 1164, 1333, 1423, 1180, 1456, 1318, 1174, 1241, 1209, 1206, 1456, 1330, 1423, 1174, 1209, 1241, 1220, 1180, 1206, 1220]",0.47576398694011673
1407,Troy,"[1280, 1401, 1256, 1151, 1369, 1106, 1412, 1114, 1443, 1430, 1106, 1209, 1430, 1194, 1317, 1114, 1419, 1194, 1198, 1117, 1419, 1443, 1418, 1375, 1292, 1198, 1317, 1418, 1117, 1292, 1375, 1194, 1117]",0.46021827724060005
1408,Tulane,"[1210, 1126, 1303, 1152, 1304, 1380, 1298, 1311, 1360, 1410, 1337, 1220, 1104, 1459, 1431, 1374, 1409, 1272, 1349, 1416, 1431, 1267, 1222, 1379, 1374, 1349, 1412, 1409, 1187, 1222, 1267, 1272]",0.4691994005263397
1409,Tulsa,"[1297, 1360, 1169, 1238, 1372, 1455, 1283, 1395, 1114, 1166, 1331, 1199, 1138, 1374, 1267, 1349, 1431, 1408, 1222, 1379, 1272, 1412, 1431, 1222, 1187, 1416, 1408, 1374, 1349, 1187, 1272]",0.5288936248605272
1410,TX Pan American,"[1234, 1133, 1236, 1183, 1185, 1188, 1426, 1402, 1249, 1408, 1106, 1303, 1339, 1333, 1222, 1223, 1430, 1312, 1152, 1309, 1430, 1167, 1223, 1426, 1152, 1309, 1312, 1152]",0.3740190839943628
1411,TX Southern,"[1129, 1321, 1418, 1277, 1324, 1292, 1160, 1361, 1222, 1168, 1243, 1198, 1103, 1380, 1108, 1341, 1238, 1212, 1115, 1290, 1105, 1106, 1341, 1238, 1212, 1115, 1290, 1105, 1106, 1380, 1108]",0.45340045460108236
1412,UAB,"[1166, 1298, 1341, 1229, 1395, 1407, 1314, 1292, 1375, 1353, 1419, 1318, 1204, 1173, 1416, 1272, 1379, 1187, 1222, 1431, 1379, 1409, 1267, 1187, 1349, 1267, 1408, 1374, 1416, 1272, 1374, 1379]",0.5338167038724465
1413,UC Davis,"[1329, 1319, 1170, 1305, 1225, 1363, 1390, 1186, 1356, 1429, 1311, 1414, 1334, 1142, 1364, 1169, 1218, 1168, 1415, 1334, 1364, 1142, 1218, 1169, 1253, 1294, 1415, 1168, 1253, 1414, 1142]",0.443566976689577
1414,UC Irvine,"[1305, 1417, 1251, 1379, 1358, 1337, 1424, 1451, 1201, 1261, 1425, 1413, 1364, 1142, 1218, 1169, 1168, 1415, 1253, 1142, 1364, 1169, 1218, 1415, 1168, 1334, 1426, 1253, 1334, 1413, 1218, 1253, 1334]",0.49286852143834237
1415,UC Riverside,"[1177, 1227, 1201, 1318, 1402, 1294, 1337, 1425, 1102, 1142, 1169, 1218, 1168, 1253, 1414, 1334, 1413, 1218, 1169, 1168, 1414, 1253, 1364, 1340, 1413, 1334, 1142, 1364]",0.4374272492027339
1416,UCF,"[1378, 1106, 1366, 1292, 1196, 1126, 1330, 1274, 1391, 1224, 1125, 1378, 1197, 1412, 1187, 1222, 1349, 1374, 1408, 1267, 1379, 1187, 1272, 1431, 1267, 1409, 1272, 1412, 1379]",0.5217311775961572
1417,UCLA,"[1232, 1414, 1241, 1207, 1208, 1142, 1169, 1361, 1400, 1341, 1253, 1201, 1281, 1143, 1390, 1428, 1160, 1333, 1332, 1112, 1113, 1425, 1449, 1450, 1143, 1390, 1425, 1113, 1112, 1450, 1449, 1113, 1112, 1332, 1278]",0.5889090812783804
1418,ULL,"[1324, 1411, 1129, 1308, 1277, 1292, 1317, 1270, 1249, 1222, 1352, 1182, 1117, 1114, 1194, 1198, 1375, 1117, 1443, 1292, 1198, 1317, 1407, 1419, 1375, 1194, 1407, 1443, 1114, 1419, 1317, 1292]",0.49938073948060024
1419,ULM,"[1328, 1256, 1443, 1114, 1368, 1380, 1199, 1412, 1194, 1375, 1317, 1407, 1292, 1375, 1117, 1407, 1194, 1198, 1114, 1418, 1317, 1117, 1443, 1292, 1198, 1418, 1443]",0.5091069727077328
1420,UMBC,"[1335, 1259, 1148, 1266, 1145, 1406, 1206, 1110, 1313, 1164, 1177, 1291, 1107, 1263, 1306, 1436, 1216, 1392, 1131, 1127, 1263, 1107, 1436, 1306, 1392, 1131, 1216, 1127, 1216, 1436]",0.49087390796457525
1421,UNC Asheville,"[1441, 1423, 1397, 1103, 1344, 1301, 1367, 1326, 1318, 1385, 1150, 1251, 1205, 1347, 1149, 1255, 1157, 1219, 1342, 1144, 1457, 1440, 1205, 1149, 1157, 1240, 1342, 1457, 1255]",0.4651496707041745
1422,UNC Greensboro,"[1219, 1187, 1439, 1353, 1299, 1154, 1241, 1423, 1448, 1301, 1172, 1441, 1111, 1459, 1202, 1359, 1151, 1189, 1158, 1202, 1459, 1441, 1111, 1151, 1359, 1204, 1189, 1151, 1189]",0.43372057366496475
1423,UNC Wilmington,"[1421, 1350, 1325, 1345, 1459, 1214, 1267, 1210, 1172, 1422, 1144, 1406, 1318, 1241, 1206, 1330, 1209, 1220, 1241, 1174, 1406, 1209, 1220, 1456, 1318, 1330, 1174, 1456, 1180]",0.4515245629936818
1424,UNLV,"[1319, 1240, 1332, 1235, 1414, 1218, 1339, 1143, 1431, 1320, 1145, 1314, 1152, 1167, 1307, 1102, 1361, 1161, 1461, 1305, 1129, 1201, 1307, 1102, 1361, 1161, 1461, 1305, 1129, 1201, 1102, 1161, 1307, 1143]",0.5857255395206613
1425,USC,"[1164, 1253, 1228, 1400, 1266, 1361, 1304, 1307, 1278, 1415, 1414, 1208, 1173, 1390, 1143, 1160, 1428, 1332, 1333, 1113, 1112, 1417, 1450, 1449, 1390, 1143, 1417, 1112, 1113, 1449, 1450, 1428]",0.5686232759698143
1426,UT Arlington,"[1167, 1328, 1359, 1317, 1400, 1410, 1223, 1329, 1308, 1176, 1129, 1256, 1427, 1402, 1370, 1225, 1429, 1363, 1256, 1402, 1427, 1225, 1370, 1410, 1414, 1363, 1429, 1176, 1308, 1429, 1427, 1308]",0.5047859961357598
1427,UT San Antonio,"[1288, 1221, 1330, 1367, 1140, 1332, 1167, 1280, 1367, 1394, 1429, 1363, 1308, 1176, 1426, 1256, 1402, 1370, 1225, 1176, 1308, 1256, 1426, 1167, 1402, 1311, 1225, 1370, 1429, 1363, 1256, 1426]",0.477448860352173
1428,Utah,"[1170, 1226, 1141, 1460, 1374, 1402, 1129, 1140, 1374, 1169, 1113, 1112, 1417, 1425, 1450, 1449, 1143, 1390, 1160, 1333, 1332, 1113, 1112, 1160, 1143, 1390, 1333, 1332, 1425, 1143, 1332]",0.5567321062237008
1429,Utah St,"[1226, 1388, 1394, 1451, 1365, 1430, 1311, 1413, 1356, 1427, 1402, 1370, 1225, 1363, 1308, 1176, 1426, 1256, 1225, 1370, 1363, 1176, 1308, 1140, 1229, 1256, 1426, 1402, 1427, 1426]",0.49081564281925794
1430,Utah Valley,"[1237, 1299, 1450, 1186, 1365, 1367, 1300, 1337, 1451, 1407, 1429, 1407, 1300, 1122, 1151, 1312, 1282, 1223, 1410, 1152, 1167, 1410, 1312, 1223, 1295, 1152, 1167, 1223]",0.4200052929047705
1431,UTEP,"[1331, 1112, 1328, 1155, 1435, 1308, 1225, 1424, 1332, 1115, 1304, 1161, 1408, 1267, 1223, 1409, 1374, 1187, 1412, 1408, 1349, 1409, 1222, 1416, 1379, 1308, 1222, 1349, 1272, 1374, 1222, 1379]",0.5571904534043353
1433,VA Commonwealth,"[1195, 1455, 1457, 1272, 1181, 1281, 1391, 1125, 1330, 1104, 1443, 1255, 1192, 1190, 1250, 1173, 1382, 1386, 1182, 1350, 1247, 1348, 1200, 1150, 1269, 1203, 1387, 1462, 1139, 1350, 1396, 1386, 1269, 1387, 1103, 1276]",0.5838184846625979
1434,Valparaiso,"[1204, 1296, 1304, 1245, 1152, 1126, 1387, 1236, 1307, 1283, 1324, 1237, 1293, 1260, 1156, 1227, 1454, 1178, 1460, 1453, 1464, 1454, 1227, 1156, 1460, 1178, 1260, 1184, 1464, 1453, 1453, 1460, 1277]",0.5041689919901549
1435,Vanderbilt,"[1311, 1332, 1172, 1265, 1431, 1437, 1462, 1105, 1165, 1292, 1139, 1456, 1246, 1116, 1279, 1376, 1120, 1281, 1397, 1104, 1261, 1116, 1397, 1401, 1246, 1280, 1208, 1120, 1196, 1376, 1116, 1246, 1279]",0.5634919016211657
1436,Vermont,"[1373, 1163, 1318, 1463, 1217, 1348, 1406, 1346, 1171, 1310, 1192, 1158, 1306, 1107, 1131, 1420, 1127, 1392, 1263, 1107, 1216, 1306, 1420, 1131, 1392, 1263, 1145, 1127, 1216, 1306, 1420, 1107]",0.4669351698632498
1437,Villanova,"[1267, 1345, 1104, 1162, 1247, 1435, 1396, 1335, 1386, 1174, 1284, 1312, 1385, 1378, 1393, 1338, 1344, 1257, 1393, 1323, 1344, 1177, 1378, 1153, 1163, 1353, 1266, 1371, 1338, 1207, 1385, 1257, 1314]",0.5863735281661152
1438,Virginia,"[1206, 1193, 1174, 1370, 1249, 1317, 1458, 1453, 1397, 1290, 1288, 1330, 1459, 1314, 1448, 1155, 1199, 1439, 1130, 1301, 1210, 1155, 1268, 1439, 1314, 1274, 1210, 1181, 1130, 1199, 1268, 1301]",0.5178359598553555
1439,Virginia Tech,"[1190, 1348, 1440, 1422, 1111, 1234, 1329, 1452, 1290, 1204, 1133, 1161, 1140, 1268, 1130, 1210, 1448, 1438, 1155, 1274, 1314, 1268, 1210, 1438, 1301, 1181, 1199, 1274, 1155, 1181, 1448, 1301]",0.5438590086668861
1440,VMI,"[1154, 1119, 1439, 1330, 1189, 1452, 1288, 1460, 1203, 1342, 1251, 1457, 1144, 1157, 1219, 1205, 1347, 1255, 1421, 1347, 1144, 1219, 1149, 1265, 1251, 1255, 1255, 1149]",0.392436865460463
1441,W Carolina,"[1421, 1455, 1443, 1122, 1224, 1202, 1184, 1228, 1111, 1207, 1397, 1251, 1154, 1422, 1189, 1359, 1151, 1172, 1204, 1111, 1172, 1204, 1459, 1422, 1189, 1158, 1157, 1151, 1359, 1154, 1158]",0.4600360303631063
1442,W Illinois,"[1188, 1138, 1191, 1463, 1366, 1377, 1282, 1183, 1188, 1227, 1324, 1236, 1366, 1237, 1303, 1355, 1295, 1236, 1324, 1237, 1303, 1295, 1355, 1156, 1282, 1377, 1377, 1295]",0.43492740892738474
1443,W Kentucky,"[1379, 1122, 1441, 1234, 1177, 1419, 1407, 1356, 1237, 1293, 1433, 1257, 1198, 1317, 1114, 1117, 1194, 1418, 1114, 1375, 1292, 1407, 1317, 1117, 1194, 1198, 1419, 1418, 1375, 1292, 1419, 1375, 1117, 1198, 1242]",0.5007512989508855
1444,W Michigan,"[1165, 1260, 1271, 1378, 1219, 1324, 1276, 1229, 1219, 1182, 1291, 1301, 1103, 1325, 1405, 1296, 1185, 1141, 1275, 1138, 1245, 1123, 1132, 1296, 1334, 1405, 1185, 1123, 1141, 1185, 1325]",0.46982406577683494
1447,Wagner,"[1175, 1393, 1300, 1107, 1343, 1396, 1220, 1164, 1374, 1365, 1335, 1284, 1192, 1254, 1383, 1148, 1136, 1291, 1384, 1357, 1346, 1291, 1352, 1148, 1136, 1383, 1254, 1192, 1284, 1148, 1254]",0.4792074668896216
1448,Wake Forest,"[1347, 1163, 1233, 1273, 1456, 1304, 1350, 1219, 1371, 1202, 1422, 1462, 1181, 1438, 1130, 1155, 1439, 1301, 1210, 1181, 1268, 1314, 1199, 1130, 1210, 1274, 1199, 1268, 1301, 1439, 1268]",0.547111194019893
1449,Washington,"[1259, 1107, 1371, 1326, 1161, 1387, 1168, 1305, 1370, 1238, 1142, 1296, 1163, 1450, 1143, 1390, 1160, 1428, 1333, 1332, 1112, 1113, 1417, 1425, 1332, 1333, 1112, 1113, 1450, 1425, 1417, 1450, 1332]",0.5683257922953842
1450,Washington St,"[1186, 1430, 1337, 1242, 1401, 1115, 1225, 1339, 1211, 1201, 1238, 1138, 1226, 1449, 1390, 1143, 1428, 1160, 1332, 1333, 1113, 1112, 1425, 1417, 1333, 1332, 1113, 1112, 1449, 1417, 1425, 1449]",0.5321117831583019
1451,Weber St,"[1363, 1429, 1173, 1430, 1414, 1140, 1186, 1340, 1294, 1315, 1381, 1226, 1319, 1170, 1286, 1285, 1315, 1294, 1381, 1226, 1285, 1286, 1331, 1170, 1319, 1340, 1186, 1319, 1315, 1285]",0.4470508808985821
1452,West Virginia,"[1211, 1265, 1172, 1328, 1440, 1267, 1439, 1182, 1276, 1324, 1347, 1184, 1328, 1400, 1243, 1235, 1345, 1395, 1329, 1242, 1403, 1400, 1395, 1124, 1403, 1243, 1329, 1124, 1242, 1328, 1235, 1403]",0.5543523788883216
1453,WI Green Bay,"[1152, 1381, 1305, 1168, 1225, 1295, 1438, 1399, 1458, 1356, 1266, 1377, 1460, 1178, 1260, 1227, 1464, 1156, 1434, 1454, 1227, 1260, 1460, 1178, 1156, 1464, 1179, 1454, 1434, 1454, 1227, 1434]",0.4900547380494461
1454,WI Milwaukee,"[1376, 1172, 1114, 1239, 1351, 1320, 1138, 1296, 1177, 1193, 1399, 1458, 1178, 1460, 1434, 1156, 1464, 1227, 1453, 1260, 1434, 1178, 1460, 1260, 1464, 1156, 1227, 1237, 1453, 1453]",0.4842066050150331
1455,Wichita St,"[1300, 1433, 1441, 1224, 1177, 1234, 1409, 1102, 1294, 1397, 1149, 1379, 1320, 1179, 1133, 1356, 1191, 1229, 1166, 1283, 1133, 1232, 1320, 1356, 1283, 1179, 1229, 1232, 1178, 1191, 1166, 1283, 1229, 1166, 1338, 1211, 1247, 1326, 1257]",0.5770004855322232
1456,William & Mary,"[1214, 1251, 1219, 1275, 1448, 1350, 1330, 1224, 1347, 1345, 1435, 1206, 1406, 1220, 1209, 1180, 1318, 1406, 1174, 1220, 1241, 1318, 1423, 1330, 1209, 1206, 1423, 1241, 1241]",0.4270474513265832
1457,Winthrop,"[1232, 1433, 1459, 1241, 1325, 1326, 1120, 1214, 1300, 1219, 1149, 1440, 1342, 1144, 1205, 1347, 1157, 1251, 1421, 1255, 1149, 1342, 1205, 1368, 1157, 1421, 1347, 1149]",0.46119394964758864
1458,Wisconsin,"[1368, 1196, 1165, 1342, 1166, 1116, 1438, 1143, 1303, 1266, 1453, 1454, 1359, 1336, 1304, 1228, 1231, 1234, 1277, 1278, 1326, 1228, 1234, 1276, 1278, 1326, 1321, 1304, 1345, 1277, 1336, 1276, 1231, 1326, 1279]",0.5995463376809246
1459,Wofford,"[1160, 1123, 1325, 1350, 1214, 1423, 1457, 1205, 1172, 1239, 1462, 1438, 1408, 1111, 1204, 1202, 1422, 1189, 1202, 1158, 1154, 1172, 1189, 1422, 1441, 1359, 1151, 1204, 1158, 1154, 1204]",0.46059113127069445
1460,Wright St,"[1225, 1183, 1299, 1141, 1226, 1428, 1287, 1132, 1440, 1220, 1275, 1153, 1453, 1454, 1156, 1260, 1434, 1178, 1464, 1227, 1178, 1260, 1453, 1454, 1434, 1156, 1191, 1227, 1464, 1464, 1178, 1434]",0.46729844628551515
1461,Wyoming,"[1300, 1377, 1380, 1294, 1167, 1364, 1160, 1229, 1176, 1364, 1374, 1129, 1305, 1201, 1361, 1424, 1102, 1307, 1161, 1167, 1129, 1305, 1201, 1361, 1424, 1102, 1307, 1161, 1305, 1307]",0.5536382545635881
1462,Xavier,"[1192, 1139, 1352, 1334, 1180, 1179, 1345, 1435, 1245, 1153, 1459, 1397, 1448, 1396, 1203, 1382, 1247, 1150, 1386, 1173, 1350, 1182, 1200, 1173, 1348, 1433, 1272, 1269, 1387, 1139, 1386]",0.5560606659670057
1463,Yale,"[1357, 1386, 1191, 1138, 1442, 1436, 1119, 1216, 1136, 1306, 1305, 1388, 1235, 1221, 1196, 1135, 1135, 1217, 1171, 1335, 1343, 1165, 1162, 1171, 1217, 1162, 1165, 1343, 1335]",0.4900714663177575
1464,Youngstown St,"[1203, 1208, 1384, 1295, 1241, 1182, 1245, 1132, 1378, 1126, 1227, 1260, 1178, 1453, 1454, 1460, 1156, 1434, 1178, 1156, 1260, 1227, 1454, 1453, 1141, 1434, 1460, 1260, 1460]",0.4801989946460814
1212,Grambling,"[1156, 1123, 1275, 1222, 1403, 1333, 1120, 1379, 1372, 1105, 1106, 1380, 1108, 1341, 1411, 1238, 1115, 1290, 1380, 1108, 1341, 1411, 1238, 1115, 1290, 1105, 1106, 1105]",0.3844507080662332
